,Country Name,Country Code,Year,expenditure,Country_Name,Country_Code,African_Region
0,Algeria,DZA,2000,3.48903275,"Algeria, People's Democratic Republic of",DZA,North Africa
1,Algeria,DZA,2001,3.83787704,"Algeria, People's Democratic Republic of",DZA,North Africa
2,Algeria,DZA,2002,3.7300415,"Algeria, People's Democratic Republic of",DZA,North Africa
3,Algeria,DZA,2003,3.60104108,"Algeria, People's Democratic Republic of",DZA,North Africa
4,Algeria,DZA,2004,3.5440731,"Algeria, People's Democratic Republic of",DZA,North Africa
5,Algeria,DZA,2005,3.2351613,"Algeria, People's Democratic Republic of",DZA,North Africa
6,Algeria,DZA,2006,3.35510182,"Algeria, People's Democratic Republic of",DZA,North Africa
7,Algeria,DZA,2007,3.8214159,"Algeria, People's Democratic Republic of",DZA,North Africa
8,Algeria,DZA,2008,4.20188379,"Algeria, People's Democratic Republic of",DZA,North Africa
9,Algeria,DZA,2009,5.3593955,"Algeria, People's Democratic Republic of",DZA,North Africa
10,Algeria,DZA,2010,5.11717176,"Algeria, People's Democratic Republic of",DZA,North Africa
11,Algeria,DZA,2011,5.26748085,"Algeria, People's Democratic Republic of",DZA,North Africa
12,Algeria,DZA,2012,6.00050974,"Algeria, People's Democratic Republic of",DZA,North Africa
13,Algeria,DZA,2013,6.03576279,"Algeria, People's Democratic Republic of",DZA,North Africa
14,Algeria,DZA,2014,6.54721403,"Algeria, People's Democratic Republic of",DZA,North Africa
15,Algeria,DZA,2015,6.9784894,"Algeria, People's Democratic Republic of",DZA,North Africa
16,Algeria,DZA,2016,6.60749578,"Algeria, People's Democratic Republic of",DZA,North Africa
17,Algeria,DZA,2017,6.27938414,"Algeria, People's Democratic Republic of",DZA,North Africa
18,Algeria,DZA,2018,6.16302586,"Algeria, People's Democratic Republic of",DZA,North Africa
19,Algeria,DZA,2019,6.24337101,"Algeria, People's Democratic Republic of",DZA,North Africa
20,Algeria,DZA,2020,,"Algeria, People's Democratic Republic of",DZA,North Africa
21,Algeria,DZA,2021,,"Algeria, People's Democratic Republic of",DZA,North Africa
22,Angola,AGO,2000,1.90859938,"Angola, Republic of",AGO,Central Africa
23,Angola,AGO,2001,4.48351622,"Angola, Republic of",AGO,Central Africa
24,Angola,AGO,2002,3.32946134,"Angola, Republic of",AGO,Central Africa
25,Angola,AGO,2003,3.54797316,"Angola, Republic of",AGO,Central Africa
26,Angola,AGO,2004,3.96720099,"Angola, Republic of",AGO,Central Africa
27,Angola,AGO,2005,2.85219693,"Angola, Republic of",AGO,Central Africa
28,Angola,AGO,2006,2.68553662,"Angola, Republic of",AGO,Central Africa
29,Angola,AGO,2007,2.97438812,"Angola, Republic of",AGO,Central Africa
30,Angola,AGO,2008,3.32290483,"Angola, Republic of",AGO,Central Africa
31,Angola,AGO,2009,3.84260869,"Angola, Republic of",AGO,Central Africa
32,Angola,AGO,2010,2.69510007,"Angola, Republic of",AGO,Central Africa
33,Angola,AGO,2011,2.64560795,"Angola, Republic of",AGO,Central Africa
34,Angola,AGO,2012,2.39574957,"Angola, Republic of",AGO,Central Africa
35,Angola,AGO,2013,2.73282766,"Angola, Republic of",AGO,Central Africa
36,Angola,AGO,2014,2.43412852,"Angola, Republic of",AGO,Central Africa
37,Angola,AGO,2015,2.60579491,"Angola, Republic of",AGO,Central Africa
38,Angola,AGO,2016,2.71314907,"Angola, Republic of",AGO,Central Africa
39,Angola,AGO,2017,2.79150295,"Angola, Republic of",AGO,Central Africa
40,Angola,AGO,2018,2.54010224,"Angola, Republic of",AGO,Central Africa
41,Angola,AGO,2019,2.53335953,"Angola, Republic of",AGO,Central Africa
42,Angola,AGO,2020,,"Angola, Republic of",AGO,Central Africa
43,Angola,AGO,2021,,"Angola, Republic of",AGO,Central Africa
44,Botswana,BWA,2000,5.82726383,"Botswana, Republic of",BWA,Southern Africa
45,Botswana,BWA,2001,6.15671635,"Botswana, Republic of",BWA,Southern Africa
46,Botswana,BWA,2002,6.42154074,"Botswana, Republic of",BWA,Southern Africa
47,Botswana,BWA,2003,6.1761694,"Botswana, Republic of",BWA,Southern Africa
48,Botswana,BWA,2004,5.79530382,"Botswana, Republic of",BWA,Southern Africa
49,Botswana,BWA,2005,5.02535105,"Botswana, Republic of",BWA,Southern Africa
50,Botswana,BWA,2006,4.77373314,"Botswana, Republic of",BWA,Southern Africa
51,Botswana,BWA,2007,5.33311653,"Botswana, Republic of",BWA,Southern Africa
52,Botswana,BWA,2008,5.7820034,"Botswana, Republic of",BWA,Southern Africa
53,Botswana,BWA,2009,6.5250082,"Botswana, Republic of",BWA,Southern Africa
54,Botswana,BWA,2010,6.19402504,"Botswana, Republic of",BWA,Southern Africa
55,Botswana,BWA,2011,5.77690315,"Botswana, Republic of",BWA,Southern Africa
56,Botswana,BWA,2012,6.14145994,"Botswana, Republic of",BWA,Southern Africa
57,Botswana,BWA,2013,6.22438812,"Botswana, Republic of",BWA,Southern Africa
58,Botswana,BWA,2014,5.59793139,"Botswana, Republic of",BWA,Southern Africa
59,Botswana,BWA,2015,5.72629929,"Botswana, Republic of",BWA,Southern Africa
60,Botswana,BWA,2016,5.56052208,"Botswana, Republic of",BWA,Southern Africa
61,Botswana,BWA,2017,6.13453388,"Botswana, Republic of",BWA,Southern Africa
62,Botswana,BWA,2018,5.96867228,"Botswana, Republic of",BWA,Southern Africa
63,Botswana,BWA,2019,6.04836559,"Botswana, Republic of",BWA,Southern Africa
64,Botswana,BWA,2020,,"Botswana, Republic of",BWA,Southern Africa
65,Botswana,BWA,2021,,"Botswana, Republic of",BWA,Southern Africa
66,Burundi,BDI,2000,6.17697144,"Burundi, Republic of",BDI,East Africa
67,Burundi,BDI,2001,6.40484381,"Burundi, Republic of",BDI,East Africa
68,Burundi,BDI,2002,6.47216082,"Burundi, Republic of",BDI,East Africa
69,Burundi,BDI,2003,6.31327724,"Burundi, Republic of",BDI,East Africa
70,Burundi,BDI,2004,7.7010417,"Burundi, Republic of",BDI,East Africa
71,Burundi,BDI,2005,8.42371273,"Burundi, Republic of",BDI,East Africa
72,Burundi,BDI,2006,9.94232273,"Burundi, Republic of",BDI,East Africa
73,Burundi,BDI,2007,10.58081913,"Burundi, Republic of",BDI,East Africa
74,Burundi,BDI,2008,9.23542213,"Burundi, Republic of",BDI,East Africa
75,Burundi,BDI,2009,10.35021877,"Burundi, Republic of",BDI,East Africa
76,Burundi,BDI,2010,11.27637577,"Burundi, Republic of",BDI,East Africa
77,Burundi,BDI,2011,10.06997776,"Burundi, Republic of",BDI,East Africa
78,Burundi,BDI,2012,8.52668476,"Burundi, Republic of",BDI,East Africa
79,Burundi,BDI,2013,8.53728485,"Burundi, Republic of",BDI,East Africa
80,Burundi,BDI,2014,7.31549168,"Burundi, Republic of",BDI,East Africa
81,Burundi,BDI,2015,6.42882729,"Burundi, Republic of",BDI,East Africa
82,Burundi,BDI,2016,7.71920919,"Burundi, Republic of",BDI,East Africa
83,Burundi,BDI,2017,7.90301847,"Burundi, Republic of",BDI,East Africa
84,Burundi,BDI,2018,8.2447691,"Burundi, Republic of",BDI,East Africa
85,Burundi,BDI,2019,7.99091434,"Burundi, Republic of",BDI,East Africa
86,Burundi,BDI,2020,,"Burundi, Republic of",BDI,East Africa
87,Burundi,BDI,2021,,"Burundi, Republic of",BDI,East Africa
88,Cameroon,CMR,2000,4.29762173,"Cameroon, Republic of",CMR,Central Africa
89,Cameroon,CMR,2001,4.0975132,"Cameroon, Republic of",CMR,Central Africa
90,Cameroon,CMR,2002,4.29479742,"Cameroon, Republic of",CMR,Central Africa
91,Cameroon,CMR,2003,4.26826382,"Cameroon, Republic of",CMR,Central Africa
92,Cameroon,CMR,2004,4.01515007,"Cameroon, Republic of",CMR,Central Africa
93,Cameroon,CMR,2005,4.09544468,"Cameroon, Republic of",CMR,Central Africa
94,Cameroon,CMR,2006,4.02897263,"Cameroon, Republic of",CMR,Central Africa
95,Cameroon,CMR,2007,3.95940948,"Cameroon, Republic of",CMR,Central Africa
96,Cameroon,CMR,2008,3.82291627,"Cameroon, Republic of",CMR,Central Africa
97,Cameroon,CMR,2009,3.73933601,"Cameroon, Republic of",CMR,Central Africa
98,Cameroon,CMR,2010,3.75891471,"Cameroon, Republic of",CMR,Central Africa
99,Cameroon,CMR,2011,4.01686049,"Cameroon, Republic of",CMR,Central Africa
100,Cameroon,CMR,2012,4.0731349,"Cameroon, Republic of",CMR,Central Africa
101,Cameroon,CMR,2013,3.78499365,"Cameroon, Republic of",CMR,Central Africa
102,Cameroon,CMR,2014,3.95117664,"Cameroon, Republic of",CMR,Central Africa
103,Cameroon,CMR,2015,3.74879193,"Cameroon, Republic of",CMR,Central Africa
104,Cameroon,CMR,2016,3.72950816,"Cameroon, Republic of",CMR,Central Africa
105,Cameroon,CMR,2017,3.49216461,"Cameroon, Republic of",CMR,Central Africa
106,Cameroon,CMR,2018,3.46510625,"Cameroon, Republic of",CMR,Central Africa
107,Cameroon,CMR,2019,3.59539533,"Cameroon, Republic of",CMR,Central Africa
108,Cameroon,CMR,2020,,"Cameroon, Republic of",CMR,Central Africa
109,Cameroon,CMR,2021,,"Cameroon, Republic of",CMR,Central Africa
110,Cabo Verde,CPV,2000,4.43401194,"Cape Verde, Republic of",CPV,West Africa
111,Cabo Verde,CPV,2001,4.75244379,"Cape Verde, Republic of",CPV,West Africa
112,Cabo Verde,CPV,2002,4.7555151,"Cape Verde, Republic of",CPV,West Africa
113,Cabo Verde,CPV,2003,4.50008631,"Cape Verde, Republic of",CPV,West Africa
114,Cabo Verde,CPV,2004,4.37710667,"Cape Verde, Republic of",CPV,West Africa
115,Cabo Verde,CPV,2005,4.27364111,"Cape Verde, Republic of",CPV,West Africa
116,Cabo Verde,CPV,2006,4.48974991,"Cape Verde, Republic of",CPV,West Africa
117,Cabo Verde,CPV,2007,4.18900156,"Cape Verde, Republic of",CPV,West Africa
118,Cabo Verde,CPV,2008,3.58312869,"Cape Verde, Republic of",CPV,West Africa
119,Cabo Verde,CPV,2009,3.88152456,"Cape Verde, Republic of",CPV,West Africa
120,Cabo Verde,CPV,2010,4.47555733,"Cape Verde, Republic of",CPV,West Africa
121,Cabo Verde,CPV,2011,4.30527449,"Cape Verde, Republic of",CPV,West Africa
122,Cabo Verde,CPV,2012,5.13365459,"Cape Verde, Republic of",CPV,West Africa
123,Cabo Verde,CPV,2013,5.28994226,"Cape Verde, Republic of",CPV,West Africa
124,Cabo Verde,CPV,2014,5.32722235,"Cape Verde, Republic of",CPV,West Africa
125,Cabo Verde,CPV,2015,4.8200655,"Cape Verde, Republic of",CPV,West Africa
126,Cabo Verde,CPV,2016,4.84664345,"Cape Verde, Republic of",CPV,West Africa
127,Cabo Verde,CPV,2017,5.27825785,"Cape Verde, Republic of",CPV,West Africa
128,Cabo Verde,CPV,2018,5.26637983,"Cape Verde, Republic of",CPV,West Africa
129,Cabo Verde,CPV,2019,4.93621731,"Cape Verde, Republic of",CPV,West Africa
130,Cabo Verde,CPV,2020,,"Cape Verde, Republic of",CPV,West Africa
131,Cabo Verde,CPV,2021,,"Cape Verde, Republic of",CPV,West Africa
132,Central African Republic,CAF,2000,4.27478456,Central African Republic,CAF,Central Africa
133,Central African Republic,CAF,2001,3.95594192,Central African Republic,CAF,Central Africa
134,Central African Republic,CAF,2002,4.22761345,Central African Republic,CAF,Central Africa
135,Central African Republic,CAF,2003,4.39720249,Central African Republic,CAF,Central Africa
136,Central African Republic,CAF,2004,4.30442286,Central African Republic,CAF,Central Africa
137,Central African Republic,CAF,2005,4.36732149,Central African Republic,CAF,Central Africa
138,Central African Republic,CAF,2006,4.44105434,Central African Republic,CAF,Central Africa
139,Central African Republic,CAF,2007,4.7185154,Central African Republic,CAF,Central Africa
140,Central African Republic,CAF,2008,4.08699083,Central African Republic,CAF,Central Africa
141,Central African Republic,CAF,2009,4.81901073,Central African Republic,CAF,Central Africa
142,Central African Republic,CAF,2010,3.8270402,Central African Republic,CAF,Central Africa
143,Central African Republic,CAF,2011,3.87377,Central African Republic,CAF,Central Africa
144,Central African Republic,CAF,2012,3.94020414,Central African Republic,CAF,Central Africa
145,Central African Republic,CAF,2013,4.95162487,Central African Republic,CAF,Central Africa
146,Central African Republic,CAF,2014,4.91660213,Central African Republic,CAF,Central Africa
147,Central African Republic,CAF,2015,5.0343523,Central African Republic,CAF,Central Africa
148,Central African Republic,CAF,2016,5.44400311,Central African Republic,CAF,Central Africa
149,Central African Republic,CAF,2017,6.6654377,Central African Republic,CAF,Central Africa
150,Central African Republic,CAF,2018,10.99530983,Central African Republic,CAF,Central Africa
151,Central African Republic,CAF,2019,7.75300884,Central African Republic,CAF,Central Africa
152,Central African Republic,CAF,2020,,Central African Republic,CAF,Central Africa
153,Central African Republic,CAF,2021,,Central African Republic,CAF,Central Africa
154,Chad,TCD,2000,5.45750237,"Chad, Republic of",TCD,Central Africa
155,Chad,TCD,2001,5.29329205,"Chad, Republic of",TCD,Central Africa
156,Chad,TCD,2002,7.26788855,"Chad, Republic of",TCD,Central Africa
157,Chad,TCD,2003,5.50941277,"Chad, Republic of",TCD,Central Africa
158,Chad,TCD,2004,5.50012302,"Chad, Republic of",TCD,Central Africa
159,Chad,TCD,2005,4.84111404,"Chad, Republic of",TCD,Central Africa
160,Chad,TCD,2006,4.86643219,"Chad, Republic of",TCD,Central Africa
161,Chad,TCD,2007,4.34312963,"Chad, Republic of",TCD,Central Africa
162,Chad,TCD,2008,4.0595479,"Chad, Republic of",TCD,Central Africa
163,Chad,TCD,2009,4.44166517,"Chad, Republic of",TCD,Central Africa
164,Chad,TCD,2010,4.06023169,"Chad, Republic of",TCD,Central Africa
165,Chad,TCD,2011,3.91046619,"Chad, Republic of",TCD,Central Africa
166,Chad,TCD,2012,3.85607743,"Chad, Republic of",TCD,Central Africa
167,Chad,TCD,2013,4.06645155,"Chad, Republic of",TCD,Central Africa
168,Chad,TCD,2014,4.27316856,"Chad, Republic of",TCD,Central Africa
169,Chad,TCD,2015,4.52395439,"Chad, Republic of",TCD,Central Africa
170,Chad,TCD,2016,5.05077505,"Chad, Republic of",TCD,Central Africa
171,Chad,TCD,2017,4.55722904,"Chad, Republic of",TCD,Central Africa
172,Chad,TCD,2018,4.1669445,"Chad, Republic of",TCD,Central Africa
173,Chad,TCD,2019,4.3536315,"Chad, Republic of",TCD,Central Africa
174,Chad,TCD,2020,,"Chad, Republic of",TCD,Central Africa
175,Chad,TCD,2021,,"Chad, Republic of",TCD,Central Africa
176,Comoros,COM,2000,7.51418018,"Comoros, Union of the",COM,East Africa
177,Comoros,COM,2001,6.65322924,"Comoros, Union of the",COM,East Africa
178,Comoros,COM,2002,6.68114853,"Comoros, Union of the",COM,East Africa
179,Comoros,COM,2003,6.65392351,"Comoros, Union of the",COM,East Africa
180,Comoros,COM,2004,6.58027601,"Comoros, Union of the",COM,East Africa
181,Comoros,COM,2005,6.12521267,"Comoros, Union of the",COM,East Africa
182,Comoros,COM,2006,5.77074194,"Comoros, Union of the",COM,East Africa
183,Comoros,COM,2007,5.41753864,"Comoros, Union of the",COM,East Africa
184,Comoros,COM,2008,5.06897497,"Comoros, Union of the",COM,East Africa
185,Comoros,COM,2009,4.92694378,"Comoros, Union of the",COM,East Africa
186,Comoros,COM,2010,4.99181557,"Comoros, Union of the",COM,East Africa
187,Comoros,COM,2011,5.3021183,"Comoros, Union of the",COM,East Africa
188,Comoros,COM,2012,5.17421341,"Comoros, Union of the",COM,East Africa
189,Comoros,COM,2013,5.09434605,"Comoros, Union of the",COM,East Africa
190,Comoros,COM,2014,5.23187876,"Comoros, Union of the",COM,East Africa
191,Comoros,COM,2015,4.60089922,"Comoros, Union of the",COM,East Africa
192,Comoros,COM,2016,4.65263557,"Comoros, Union of the",COM,East Africa
193,Comoros,COM,2017,5.26807404,"Comoros, Union of the",COM,East Africa
194,Comoros,COM,2018,4.90244007,"Comoros, Union of the",COM,East Africa
195,Comoros,COM,2019,5.17030334,"Comoros, Union of the",COM,East Africa
196,Comoros,COM,2020,,"Comoros, Union of the",COM,East Africa
197,Comoros,COM,2021,,"Comoros, Union of the",COM,East Africa
198,,,,,Mayotte,MYT,East Africa
199,"Congo, Rep.",COG,2000,1.50500607,"Congo, Republic of the",COG,Central Africa
200,"Congo, Rep.",COG,2001,2.18529677,"Congo, Republic of the",COG,Central Africa
201,"Congo, Rep.",COG,2002,1.70167685,"Congo, Republic of the",COG,Central Africa
202,"Congo, Rep.",COG,2003,1.91852152,"Congo, Republic of the",COG,Central Africa
203,"Congo, Rep.",COG,2004,1.92152369,"Congo, Republic of the",COG,Central Africa
204,"Congo, Rep.",COG,2005,1.71774054,"Congo, Republic of the",COG,Central Africa
205,"Congo, Rep.",COG,2006,1.7086128,"Congo, Republic of the",COG,Central Africa
206,"Congo, Rep.",COG,2007,1.90200078,"Congo, Republic of the",COG,Central Africa
207,"Congo, Rep.",COG,2008,2.23927021,"Congo, Republic of the",COG,Central Africa
208,"Congo, Rep.",COG,2009,2.14222002,"Congo, Republic of the",COG,Central Africa
209,"Congo, Rep.",COG,2010,1.8517288,"Congo, Republic of the",COG,Central Africa
210,"Congo, Rep.",COG,2011,1.75237262,"Congo, Republic of the",COG,Central Africa
211,"Congo, Rep.",COG,2012,1.90971029,"Congo, Republic of the",COG,Central Africa
212,"Congo, Rep.",COG,2013,1.94347048,"Congo, Republic of the",COG,Central Africa
213,"Congo, Rep.",COG,2014,1.97311711,"Congo, Republic of the",COG,Central Africa
214,"Congo, Rep.",COG,2015,2.45668483,"Congo, Republic of the",COG,Central Africa
215,"Congo, Rep.",COG,2016,2.79067516,"Congo, Republic of the",COG,Central Africa
216,"Congo, Rep.",COG,2017,2.51812744,"Congo, Republic of the",COG,Central Africa
217,"Congo, Rep.",COG,2018,1.93649173,"Congo, Republic of the",COG,Central Africa
218,"Congo, Rep.",COG,2019,2.08331084,"Congo, Republic of the",COG,Central Africa
219,"Congo, Rep.",COG,2020,,"Congo, Republic of the",COG,Central Africa
220,"Congo, Rep.",COG,2021,,"Congo, Republic of the",COG,Central Africa
221,"Congo, Dem. Rep.",COD,2000,1.55040038,"Congo, Democratic Republic of the",COD,Central Africa
222,"Congo, Dem. Rep.",COD,2001,2.70775008,"Congo, Democratic Republic of the",COD,Central Africa
223,"Congo, Dem. Rep.",COD,2002,2.6547749,"Congo, Democratic Republic of the",COD,Central Africa
224,"Congo, Dem. Rep.",COD,2003,3.81817865,"Congo, Democratic Republic of the",COD,Central Africa
225,"Congo, Dem. Rep.",COD,2004,4.42028952,"Congo, Democratic Republic of the",COD,Central Africa
226,"Congo, Dem. Rep.",COD,2005,4.25265551,"Congo, Democratic Republic of the",COD,Central Africa
227,"Congo, Dem. Rep.",COD,2006,4.39380932,"Congo, Democratic Republic of the",COD,Central Africa
228,"Congo, Dem. Rep.",COD,2007,4.33555222,"Congo, Democratic Republic of the",COD,Central Africa
229,"Congo, Dem. Rep.",COD,2008,4.98871946,"Congo, Democratic Republic of the",COD,Central Africa
230,"Congo, Dem. Rep.",COD,2009,4.54615879,"Congo, Democratic Republic of the",COD,Central Africa
231,"Congo, Dem. Rep.",COD,2010,3.86035585,"Congo, Democratic Republic of the",COD,Central Africa
232,"Congo, Dem. Rep.",COD,2011,3.26267195,"Congo, Democratic Republic of the",COD,Central Africa
233,"Congo, Dem. Rep.",COD,2012,3.30099416,"Congo, Democratic Republic of the",COD,Central Africa
234,"Congo, Dem. Rep.",COD,2013,3.56663251,"Congo, Democratic Republic of the",COD,Central Africa
235,"Congo, Dem. Rep.",COD,2014,3.97874045,"Congo, Democratic Republic of the",COD,Central Africa
236,"Congo, Dem. Rep.",COD,2015,3.96921349,"Congo, Democratic Republic of the",COD,Central Africa
237,"Congo, Dem. Rep.",COD,2016,4.36603069,"Congo, Democratic Republic of the",COD,Central Africa
238,"Congo, Dem. Rep.",COD,2017,4.15646648,"Congo, Democratic Republic of the",COD,Central Africa
239,"Congo, Dem. Rep.",COD,2018,3.30249262,"Congo, Democratic Republic of the",COD,Central Africa
240,"Congo, Dem. Rep.",COD,2019,3.53626084,"Congo, Democratic Republic of the",COD,Central Africa
241,"Congo, Dem. Rep.",COD,2020,,"Congo, Democratic Republic of the",COD,Central Africa
242,"Congo, Dem. Rep.",COD,2021,,"Congo, Democratic Republic of the",COD,Central Africa
243,Benin,BEN,2000,3.10270309,"Benin, Republic of",BEN,West Africa
244,Benin,BEN,2001,3.24910021,"Benin, Republic of",BEN,West Africa
245,Benin,BEN,2002,3.04335403,"Benin, Republic of",BEN,West Africa
246,Benin,BEN,2003,3.0376544,"Benin, Republic of",BEN,West Africa
247,Benin,BEN,2004,3.0760572,"Benin, Republic of",BEN,West Africa
248,Benin,BEN,2005,2.93478322,"Benin, Republic of",BEN,West Africa
249,Benin,BEN,2006,2.97331023,"Benin, Republic of",BEN,West Africa
250,Benin,BEN,2007,2.8938241,"Benin, Republic of",BEN,West Africa
251,Benin,BEN,2008,2.69675088,"Benin, Republic of",BEN,West Africa
252,Benin,BEN,2009,2.82528329,"Benin, Republic of",BEN,West Africa
253,Benin,BEN,2010,2.99710441,"Benin, Republic of",BEN,West Africa
254,Benin,BEN,2011,3.09628272,"Benin, Republic of",BEN,West Africa
255,Benin,BEN,2012,3.41449857,"Benin, Republic of",BEN,West Africa
256,Benin,BEN,2013,2.85861206,"Benin, Republic of",BEN,West Africa
257,Benin,BEN,2014,2.66743827,"Benin, Republic of",BEN,West Africa
258,Benin,BEN,2015,2.90741682,"Benin, Republic of",BEN,West Africa
259,Benin,BEN,2016,2.73950028,"Benin, Republic of",BEN,West Africa
260,Benin,BEN,2017,2.61910868,"Benin, Republic of",BEN,West Africa
261,Benin,BEN,2018,2.50416446,"Benin, Republic of",BEN,West Africa
262,Benin,BEN,2019,2.38842916,"Benin, Republic of",BEN,West Africa
263,Benin,BEN,2020,,"Benin, Republic of",BEN,West Africa
264,Benin,BEN,2021,,"Benin, Republic of",BEN,West Africa
265,Equatorial Guinea,GNQ,2000,2.14653134,"Equatorial Guinea, Republic of",GNQ,Central Africa
266,Equatorial Guinea,GNQ,2001,2.20352745,"Equatorial Guinea, Republic of",GNQ,Central Africa
267,Equatorial Guinea,GNQ,2002,2.34720826,"Equatorial Guinea, Republic of",GNQ,Central Africa
268,Equatorial Guinea,GNQ,2003,1.97840834,"Equatorial Guinea, Republic of",GNQ,Central Africa
269,Equatorial Guinea,GNQ,2004,1.66348076,"Equatorial Guinea, Republic of",GNQ,Central Africa
270,Equatorial Guinea,GNQ,2005,1.49993956,"Equatorial Guinea, Republic of",GNQ,Central Africa
271,Equatorial Guinea,GNQ,2006,1.51855373,"Equatorial Guinea, Republic of",GNQ,Central Africa
272,Equatorial Guinea,GNQ,2007,1.57114804,"Equatorial Guinea, Republic of",GNQ,Central Africa
273,Equatorial Guinea,GNQ,2008,1.82898772,"Equatorial Guinea, Republic of",GNQ,Central Africa
274,Equatorial Guinea,GNQ,2009,1.84398258,"Equatorial Guinea, Republic of",GNQ,Central Africa
275,Equatorial Guinea,GNQ,2010,1.81856561,"Equatorial Guinea, Republic of",GNQ,Central Africa
276,Equatorial Guinea,GNQ,2011,1.55349779,"Equatorial Guinea, Republic of",GNQ,Central Africa
277,Equatorial Guinea,GNQ,2012,1.26357603,"Equatorial Guinea, Republic of",GNQ,Central Africa
278,Equatorial Guinea,GNQ,2013,1.87566769,"Equatorial Guinea, Republic of",GNQ,Central Africa
279,Equatorial Guinea,GNQ,2014,2.19292378,"Equatorial Guinea, Republic of",GNQ,Central Africa
280,Equatorial Guinea,GNQ,2015,2.91533303,"Equatorial Guinea, Republic of",GNQ,Central Africa
281,Equatorial Guinea,GNQ,2016,3.14450336,"Equatorial Guinea, Republic of",GNQ,Central Africa
282,Equatorial Guinea,GNQ,2017,2.95976138,"Equatorial Guinea, Republic of",GNQ,Central Africa
283,Equatorial Guinea,GNQ,2018,3.06170225,"Equatorial Guinea, Republic of",GNQ,Central Africa
284,Equatorial Guinea,GNQ,2019,3.13503671,"Equatorial Guinea, Republic of",GNQ,Central Africa
285,Equatorial Guinea,GNQ,2020,,"Equatorial Guinea, Republic of",GNQ,Central Africa
286,Equatorial Guinea,GNQ,2021,,"Equatorial Guinea, Republic of",GNQ,Central Africa
287,Ethiopia,ETH,2000,4.3650465,"Ethiopia, Federal Democratic Republic of",ETH,East Africa
288,Ethiopia,ETH,2001,4.72316694,"Ethiopia, Federal Democratic Republic of",ETH,East Africa
289,Ethiopia,ETH,2002,4.7126298,"Ethiopia, Federal Democratic Republic of",ETH,East Africa
290,Ethiopia,ETH,2003,4.89970922,"Ethiopia, Federal Democratic Republic of",ETH,East Africa
291,Ethiopia,ETH,2004,4.31281853,"Ethiopia, Federal Democratic Republic of",ETH,East Africa
292,Ethiopia,ETH,2005,4.10098124,"Ethiopia, Federal Democratic Republic of",ETH,East Africa
293,Ethiopia,ETH,2006,4.45757294,"Ethiopia, Federal Democratic Republic of",ETH,East Africa
294,Ethiopia,ETH,2007,5.00128365,"Ethiopia, Federal Democratic Republic of",ETH,East Africa
295,Ethiopia,ETH,2008,4.28063917,"Ethiopia, Federal Democratic Republic of",ETH,East Africa
296,Ethiopia,ETH,2009,4.64983416,"Ethiopia, Federal Democratic Republic of",ETH,East Africa
297,Ethiopia,ETH,2010,5.46637249,"Ethiopia, Federal Democratic Republic of",ETH,East Africa
298,Ethiopia,ETH,2011,4.46897888,"Ethiopia, Federal Democratic Republic of",ETH,East Africa
299,Ethiopia,ETH,2012,4.53959608,"Ethiopia, Federal Democratic Republic of",ETH,East Africa
300,Ethiopia,ETH,2013,4.07506514,"Ethiopia, Federal Democratic Republic of",ETH,East Africa
301,Ethiopia,ETH,2014,4.03363609,"Ethiopia, Federal Democratic Republic of",ETH,East Africa
302,Ethiopia,ETH,2015,3.82317114,"Ethiopia, Federal Democratic Republic of",ETH,East Africa
303,Ethiopia,ETH,2016,3.60033059,"Ethiopia, Federal Democratic Republic of",ETH,East Africa
304,Ethiopia,ETH,2017,3.45336151,"Ethiopia, Federal Democratic Republic of",ETH,East Africa
305,Ethiopia,ETH,2018,3.30818701,"Ethiopia, Federal Democratic Republic of",ETH,East Africa
306,Ethiopia,ETH,2019,3.23808599,"Ethiopia, Federal Democratic Republic of",ETH,East Africa
307,Ethiopia,ETH,2020,,"Ethiopia, Federal Democratic Republic of",ETH,East Africa
308,Ethiopia,ETH,2021,,"Ethiopia, Federal Democratic Republic of",ETH,East Africa
309,Eritrea,ERI,2000,5.76670074,"Eritrea, State of",ERI,East Africa
310,Eritrea,ERI,2001,5.91931629,"Eritrea, State of",ERI,East Africa
311,Eritrea,ERI,2002,6.68851233,"Eritrea, State of",ERI,East Africa
312,Eritrea,ERI,2003,7.33703375,"Eritrea, State of",ERI,East Africa
313,Eritrea,ERI,2004,7.00984955,"Eritrea, State of",ERI,East Africa
314,Eritrea,ERI,2005,6.86417818,"Eritrea, State of",ERI,East Africa
315,Eritrea,ERI,2006,6.85840559,"Eritrea, State of",ERI,East Africa
316,Eritrea,ERI,2007,5.27863026,"Eritrea, State of",ERI,East Africa
317,Eritrea,ERI,2008,6.41520452,"Eritrea, State of",ERI,East Africa
318,Eritrea,ERI,2009,5.38878536,"Eritrea, State of",ERI,East Africa
319,Eritrea,ERI,2010,4.92946005,"Eritrea, State of",ERI,East Africa
320,Eritrea,ERI,2011,5.21969032,"Eritrea, State of",ERI,East Africa
321,Eritrea,ERI,2012,3.78068161,"Eritrea, State of",ERI,East Africa
322,Eritrea,ERI,2013,5.00735378,"Eritrea, State of",ERI,East Africa
323,Eritrea,ERI,2014,4.05707884,"Eritrea, State of",ERI,East Africa
324,Eritrea,ERI,2015,4.45335484,"Eritrea, State of",ERI,East Africa
325,Eritrea,ERI,2016,3.518888,"Eritrea, State of",ERI,East Africa
326,Eritrea,ERI,2017,3.72767901,"Eritrea, State of",ERI,East Africa
327,Eritrea,ERI,2018,4.12821102,"Eritrea, State of",ERI,East Africa
328,Eritrea,ERI,2019,4.45876694,"Eritrea, State of",ERI,East Africa
329,Eritrea,ERI,2020,,"Eritrea, State of",ERI,East Africa
330,Eritrea,ERI,2021,,"Eritrea, State of",ERI,East Africa
331,Djibouti,DJI,2000,2.93908072,"Djibouti, Republic of",DJI,East Africa
332,Djibouti,DJI,2001,2.8072207,"Djibouti, Republic of",DJI,East Africa
333,Djibouti,DJI,2002,3.58787632,"Djibouti, Republic of",DJI,East Africa
334,Djibouti,DJI,2003,3.97685766,"Djibouti, Republic of",DJI,East Africa
335,Djibouti,DJI,2004,3.32442927,"Djibouti, Republic of",DJI,East Africa
336,Djibouti,DJI,2005,3.22467232,"Djibouti, Republic of",DJI,East Africa
337,Djibouti,DJI,2006,3.48426819,"Djibouti, Republic of",DJI,East Africa
338,Djibouti,DJI,2007,3.41498637,"Djibouti, Republic of",DJI,East Africa
339,Djibouti,DJI,2008,3.19098687,"Djibouti, Republic of",DJI,East Africa
340,Djibouti,DJI,2009,3.21451879,"Djibouti, Republic of",DJI,East Africa
341,Djibouti,DJI,2010,3.06150365,"Djibouti, Republic of",DJI,East Africa
342,Djibouti,DJI,2011,3.3765645,"Djibouti, Republic of",DJI,East Africa
343,Djibouti,DJI,2012,3.299927,"Djibouti, Republic of",DJI,East Africa
344,Djibouti,DJI,2013,2.92013574,"Djibouti, Republic of",DJI,East Africa
345,Djibouti,DJI,2014,2.96522927,"Djibouti, Republic of",DJI,East Africa
346,Djibouti,DJI,2015,3.07556486,"Djibouti, Republic of",DJI,East Africa
347,Djibouti,DJI,2016,2.7274003,"Djibouti, Republic of",DJI,East Africa
348,Djibouti,DJI,2017,2.46476841,"Djibouti, Republic of",DJI,East Africa
349,Djibouti,DJI,2018,2.26254249,"Djibouti, Republic of",DJI,East Africa
350,Djibouti,DJI,2019,1.79826784,"Djibouti, Republic of",DJI,East Africa
351,Djibouti,DJI,2020,,"Djibouti, Republic of",DJI,East Africa
352,Djibouti,DJI,2021,,"Djibouti, Republic of",DJI,East Africa
353,Gabon,GAB,2000,2.90536737,"Gabon, Gabonese Republic",GAB,Central Africa
354,Gabon,GAB,2001,3.15246463,"Gabon, Gabonese Republic",GAB,Central Africa
355,Gabon,GAB,2002,3.33046246,"Gabon, Gabonese Republic",GAB,Central Africa
356,Gabon,GAB,2003,3.53691506,"Gabon, Gabonese Republic",GAB,Central Africa
357,Gabon,GAB,2004,3.33140016,"Gabon, Gabonese Republic",GAB,Central Africa
358,Gabon,GAB,2005,2.93410254,"Gabon, Gabonese Republic",GAB,Central Africa
359,Gabon,GAB,2006,3.14508867,"Gabon, Gabonese Republic",GAB,Central Africa
360,Gabon,GAB,2007,3.16386676,"Gabon, Gabonese Republic",GAB,Central Africa
361,Gabon,GAB,2008,2.79445171,"Gabon, Gabonese Republic",GAB,Central Africa
362,Gabon,GAB,2009,3.83981347,"Gabon, Gabonese Republic",GAB,Central Africa
363,Gabon,GAB,2010,2.47556782,"Gabon, Gabonese Republic",GAB,Central Africa
364,Gabon,GAB,2011,2.55771661,"Gabon, Gabonese Republic",GAB,Central Africa
365,Gabon,GAB,2012,2.42097521,"Gabon, Gabonese Republic",GAB,Central Africa
366,Gabon,GAB,2013,2.8408711,"Gabon, Gabonese Republic",GAB,Central Africa
367,Gabon,GAB,2014,2.53282118,"Gabon, Gabonese Republic",GAB,Central Africa
368,Gabon,GAB,2015,2.6574378,"Gabon, Gabonese Republic",GAB,Central Africa
369,Gabon,GAB,2016,3.10769749,"Gabon, Gabonese Republic",GAB,Central Africa
370,Gabon,GAB,2017,2.78068829,"Gabon, Gabonese Republic",GAB,Central Africa
371,Gabon,GAB,2018,2.74500299,"Gabon, Gabonese Republic",GAB,Central Africa
372,Gabon,GAB,2019,2.76836205,"Gabon, Gabonese Republic",GAB,Central Africa
373,Gabon,GAB,2020,,"Gabon, Gabonese Republic",GAB,Central Africa
374,Gabon,GAB,2021,,"Gabon, Gabonese Republic",GAB,Central Africa
375,"Gambia, The",GMB,2000,6.63892317,"Gambia, Republic of the",GMB,West Africa
376,"Gambia, The",GMB,2001,5.70734835,"Gambia, Republic of the",GMB,West Africa
377,"Gambia, The",GMB,2002,6.35030413,"Gambia, Republic of the",GMB,West Africa
378,"Gambia, The",GMB,2003,5.56995296,"Gambia, Republic of the",GMB,West Africa
379,"Gambia, The",GMB,2004,5.54182816,"Gambia, Republic of the",GMB,West Africa
380,"Gambia, The",GMB,2005,5.72842979,"Gambia, Republic of the",GMB,West Africa
381,"Gambia, The",GMB,2006,6.19758415,"Gambia, Republic of the",GMB,West Africa
382,"Gambia, The",GMB,2007,5.67628479,"Gambia, Republic of the",GMB,West Africa
383,"Gambia, The",GMB,2008,5.46723223,"Gambia, Republic of the",GMB,West Africa
384,"Gambia, The",GMB,2009,5.18213415,"Gambia, Republic of the",GMB,West Africa
385,"Gambia, The",GMB,2010,5.08982468,"Gambia, Republic of the",GMB,West Africa
386,"Gambia, The",GMB,2011,5.49951601,"Gambia, Republic of the",GMB,West Africa
387,"Gambia, The",GMB,2012,5.1643424,"Gambia, Republic of the",GMB,West Africa
388,"Gambia, The",GMB,2013,3.91374874,"Gambia, Republic of the",GMB,West Africa
389,"Gambia, The",GMB,2014,4.451684,"Gambia, Republic of the",GMB,West Africa
390,"Gambia, The",GMB,2015,3.17612934,"Gambia, Republic of the",GMB,West Africa
391,"Gambia, The",GMB,2016,3.68266177,"Gambia, Republic of the",GMB,West Africa
392,"Gambia, The",GMB,2017,4.14472675,"Gambia, Republic of the",GMB,West Africa
393,"Gambia, The",GMB,2018,4.8878727,"Gambia, Republic of the",GMB,West Africa
394,"Gambia, The",GMB,2019,3.82171082,"Gambia, Republic of the",GMB,West Africa
395,"Gambia, The",GMB,2020,,"Gambia, Republic of the",GMB,West Africa
396,"Gambia, The",GMB,2021,,"Gambia, Republic of the",GMB,West Africa
397,Ghana,GHA,2000,2.79087734,"Ghana, Republic of",GHA,West Africa
398,Ghana,GHA,2001,3.17252946,"Ghana, Republic of",GHA,West Africa
399,Ghana,GHA,2002,2.8882091,"Ghana, Republic of",GHA,West Africa
400,Ghana,GHA,2003,2.83229733,"Ghana, Republic of",GHA,West Africa
401,Ghana,GHA,2004,2.77140665,"Ghana, Republic of",GHA,West Africa
402,Ghana,GHA,2005,3.64265633,"Ghana, Republic of",GHA,West Africa
403,Ghana,GHA,2006,3.68296194,"Ghana, Republic of",GHA,West Africa
404,Ghana,GHA,2007,3.81368589,"Ghana, Republic of",GHA,West Africa
405,Ghana,GHA,2008,3.89917445,"Ghana, Republic of",GHA,West Africa
406,Ghana,GHA,2009,4.42220068,"Ghana, Republic of",GHA,West Africa
407,Ghana,GHA,2010,4.25117254,"Ghana, Republic of",GHA,West Africa
408,Ghana,GHA,2011,4.71008253,"Ghana, Republic of",GHA,West Africa
409,Ghana,GHA,2012,4.03214407,"Ghana, Republic of",GHA,West Africa
410,Ghana,GHA,2013,4.62300539,"Ghana, Republic of",GHA,West Africa
411,Ghana,GHA,2014,4.10044813,"Ghana, Republic of",GHA,West Africa
412,Ghana,GHA,2015,4.62171459,"Ghana, Republic of",GHA,West Africa
413,Ghana,GHA,2016,3.46157742,"Ghana, Republic of",GHA,West Africa
414,Ghana,GHA,2017,3.35796332,"Ghana, Republic of",GHA,West Africa
415,Ghana,GHA,2018,3.48865867,"Ghana, Republic of",GHA,West Africa
416,Ghana,GHA,2019,3.41858864,"Ghana, Republic of",GHA,West Africa
417,Ghana,GHA,2020,,"Ghana, Republic of",GHA,West Africa
418,Ghana,GHA,2021,,"Ghana, Republic of",GHA,West Africa
419,Guinea,GIN,2000,4.74567652,"Guinea, Republic of",GIN,West Africa
420,Guinea,GIN,2001,4.88881445,"Guinea, Republic of",GIN,West Africa
421,Guinea,GIN,2002,5.3613739,"Guinea, Republic of",GIN,West Africa
422,Guinea,GIN,2003,4.7780695,"Guinea, Republic of",GIN,West Africa
423,Guinea,GIN,2004,4.78209734,"Guinea, Republic of",GIN,West Africa
424,Guinea,GIN,2005,4.04247189,"Guinea, Republic of",GIN,West Africa
425,Guinea,GIN,2006,3.61069894,"Guinea, Republic of",GIN,West Africa
426,Guinea,GIN,2007,3.43232441,"Guinea, Republic of",GIN,West Africa
427,Guinea,GIN,2008,3.26223779,"Guinea, Republic of",GIN,West Africa
428,Guinea,GIN,2009,3.57716823,"Guinea, Republic of",GIN,West Africa
429,Guinea,GIN,2010,3.42734981,"Guinea, Republic of",GIN,West Africa
430,Guinea,GIN,2011,3.78955078,"Guinea, Republic of",GIN,West Africa
431,Guinea,GIN,2012,3.50398302,"Guinea, Republic of",GIN,West Africa
432,Guinea,GIN,2013,3.46079683,"Guinea, Republic of",GIN,West Africa
433,Guinea,GIN,2014,4.78097677,"Guinea, Republic of",GIN,West Africa
434,Guinea,GIN,2015,5.80920601,"Guinea, Republic of",GIN,West Africa
435,Guinea,GIN,2016,5.39708233,"Guinea, Republic of",GIN,West Africa
436,Guinea,GIN,2017,3.91060591,"Guinea, Republic of",GIN,West Africa
437,Guinea,GIN,2018,3.63913226,"Guinea, Republic of",GIN,West Africa
438,Guinea,GIN,2019,3.98389959,"Guinea, Republic of",GIN,West Africa
439,Guinea,GIN,2020,,"Guinea, Republic of",GIN,West Africa
440,Guinea,GIN,2021,,"Guinea, Republic of",GIN,West Africa
441,Cote d'Ivoire,CIV,2000,6.12684488,"Cote d'Ivoire, Republic of",CIV,West Africa
442,Cote d'Ivoire,CIV,2001,6.01772738,"Cote d'Ivoire, Republic of",CIV,West Africa
443,Cote d'Ivoire,CIV,2002,5.90390921,"Cote d'Ivoire, Republic of",CIV,West Africa
444,Cote d'Ivoire,CIV,2003,5.47977018,"Cote d'Ivoire, Republic of",CIV,West Africa
445,Cote d'Ivoire,CIV,2004,5.47520828,"Cote d'Ivoire, Republic of",CIV,West Africa
446,Cote d'Ivoire,CIV,2005,5.00643015,"Cote d'Ivoire, Republic of",CIV,West Africa
447,Cote d'Ivoire,CIV,2006,4.76330471,"Cote d'Ivoire, Republic of",CIV,West Africa
448,Cote d'Ivoire,CIV,2007,4.55253553,"Cote d'Ivoire, Republic of",CIV,West Africa
449,Cote d'Ivoire,CIV,2008,4.56873417,"Cote d'Ivoire, Republic of",CIV,West Africa
450,Cote d'Ivoire,CIV,2009,4.46970177,"Cote d'Ivoire, Republic of",CIV,West Africa
451,Cote d'Ivoire,CIV,2010,4.41580963,"Cote d'Ivoire, Republic of",CIV,West Africa
452,Cote d'Ivoire,CIV,2011,4.39704227,"Cote d'Ivoire, Republic of",CIV,West Africa
453,Cote d'Ivoire,CIV,2012,4.42740583,"Cote d'Ivoire, Republic of",CIV,West Africa
454,Cote d'Ivoire,CIV,2013,3.71776819,"Cote d'Ivoire, Republic of",CIV,West Africa
455,Cote d'Ivoire,CIV,2014,3.73104811,"Cote d'Ivoire, Republic of",CIV,West Africa
456,Cote d'Ivoire,CIV,2015,3.21990895,"Cote d'Ivoire, Republic of",CIV,West Africa
457,Cote d'Ivoire,CIV,2016,3.35172296,"Cote d'Ivoire, Republic of",CIV,West Africa
458,Cote d'Ivoire,CIV,2017,3.30509853,"Cote d'Ivoire, Republic of",CIV,West Africa
459,Cote d'Ivoire,CIV,2018,3.11891103,"Cote d'Ivoire, Republic of",CIV,West Africa
460,Cote d'Ivoire,CIV,2019,3.29862952,"Cote d'Ivoire, Republic of",CIV,West Africa
461,Cote d'Ivoire,CIV,2020,,"Cote d'Ivoire, Republic of",CIV,West Africa
462,Cote d'Ivoire,CIV,2021,,"Cote d'Ivoire, Republic of",CIV,West Africa
463,Kenya,KEN,2000,4.63924408,"Kenya, Republic of",KEN,East Africa
464,Kenya,KEN,2001,4.80369139,"Kenya, Republic of",KEN,East Africa
465,Kenya,KEN,2002,4.95863724,"Kenya, Republic of",KEN,East Africa
466,Kenya,KEN,2003,5.16912365,"Kenya, Republic of",KEN,East Africa
467,Kenya,KEN,2004,5.34494877,"Kenya, Republic of",KEN,East Africa
468,Kenya,KEN,2005,5.31436443,"Kenya, Republic of",KEN,East Africa
469,Kenya,KEN,2006,5.87344933,"Kenya, Republic of",KEN,East Africa
470,Kenya,KEN,2007,5.99706697,"Kenya, Republic of",KEN,East Africa
471,Kenya,KEN,2008,6.04985189,"Kenya, Republic of",KEN,East Africa
472,Kenya,KEN,2009,6.02780342,"Kenya, Republic of",KEN,East Africa
473,Kenya,KEN,2010,6.11675262,"Kenya, Republic of",KEN,East Africa
474,Kenya,KEN,2011,5.81170082,"Kenya, Republic of",KEN,East Africa
475,Kenya,KEN,2012,5.61369753,"Kenya, Republic of",KEN,East Africa
476,Kenya,KEN,2013,5.51942158,"Kenya, Republic of",KEN,East Africa
477,Kenya,KEN,2014,5.4593358,"Kenya, Republic of",KEN,East Africa
478,Kenya,KEN,2015,5.21938562,"Kenya, Republic of",KEN,East Africa
479,Kenya,KEN,2016,5.14090776,"Kenya, Republic of",KEN,East Africa
480,Kenya,KEN,2017,4.1409831,"Kenya, Republic of",KEN,East Africa
481,Kenya,KEN,2018,4.30564117,"Kenya, Republic of",KEN,East Africa
482,Kenya,KEN,2019,4.59182692,"Kenya, Republic of",KEN,East Africa
483,Kenya,KEN,2020,,"Kenya, Republic of",KEN,East Africa
484,Kenya,KEN,2021,,"Kenya, Republic of",KEN,East Africa
485,Lesotho,LSO,2000,5.61176968,"Lesotho, Kingdom of",LSO,Southern Africa
486,Lesotho,LSO,2001,7.27745914,"Lesotho, Kingdom of",LSO,Southern Africa
487,Lesotho,LSO,2002,6.74524212,"Lesotho, Kingdom of",LSO,Southern Africa
488,Lesotho,LSO,2003,6.04550838,"Lesotho, Kingdom of",LSO,Southern Africa
489,Lesotho,LSO,2004,6.05738878,"Lesotho, Kingdom of",LSO,Southern Africa
490,Lesotho,LSO,2005,5.44926691,"Lesotho, Kingdom of",LSO,Southern Africa
491,Lesotho,LSO,2006,6.11966419,"Lesotho, Kingdom of",LSO,Southern Africa
492,Lesotho,LSO,2007,7.28075647,"Lesotho, Kingdom of",LSO,Southern Africa
493,Lesotho,LSO,2008,7.70154142,"Lesotho, Kingdom of",LSO,Southern Africa
494,Lesotho,LSO,2009,8.99738979,"Lesotho, Kingdom of",LSO,Southern Africa
495,Lesotho,LSO,2010,8.41961861,"Lesotho, Kingdom of",LSO,Southern Africa
496,Lesotho,LSO,2011,9.56151676,"Lesotho, Kingdom of",LSO,Southern Africa
497,Lesotho,LSO,2012,9.25281525,"Lesotho, Kingdom of",LSO,Southern Africa
498,Lesotho,LSO,2013,9.5466814,"Lesotho, Kingdom of",LSO,Southern Africa
499,Lesotho,LSO,2014,9.17449284,"Lesotho, Kingdom of",LSO,Southern Africa
500,Lesotho,LSO,2015,8.99539375,"Lesotho, Kingdom of",LSO,Southern Africa
501,Lesotho,LSO,2016,8.75972462,"Lesotho, Kingdom of",LSO,Southern Africa
502,Lesotho,LSO,2017,10.08778667,"Lesotho, Kingdom of",LSO,Southern Africa
503,Lesotho,LSO,2018,10.90125179,"Lesotho, Kingdom of",LSO,Southern Africa
504,Lesotho,LSO,2019,11.26946354,"Lesotho, Kingdom of",LSO,Southern Africa
505,Lesotho,LSO,2020,,"Lesotho, Kingdom of",LSO,Southern Africa
506,Lesotho,LSO,2021,,"Lesotho, Kingdom of",LSO,Southern Africa
507,Liberia,LBR,2000,4.29219103,"Liberia, Republic of",LBR,West Africa
508,Liberia,LBR,2001,3.49858928,"Liberia, Republic of",LBR,West Africa
509,Liberia,LBR,2002,2.89440227,"Liberia, Republic of",LBR,West Africa
510,Liberia,LBR,2003,3.65521455,"Liberia, Republic of",LBR,West Africa
511,Liberia,LBR,2004,9.17063904,"Liberia, Republic of",LBR,West Africa
512,Liberia,LBR,2005,9.68472099,"Liberia, Republic of",LBR,West Africa
513,Liberia,LBR,2006,8.4906292,"Liberia, Republic of",LBR,West Africa
514,Liberia,LBR,2007,10.79883385,"Liberia, Republic of",LBR,West Africa
515,Liberia,LBR,2008,9.01321793,"Liberia, Republic of",LBR,West Africa
516,Liberia,LBR,2009,9.40705395,"Liberia, Republic of",LBR,West Africa
517,Liberia,LBR,2010,8.94644737,"Liberia, Republic of",LBR,West Africa
518,Liberia,LBR,2011,9.4238615,"Liberia, Republic of",LBR,West Africa
519,Liberia,LBR,2012,8.7670517,"Liberia, Republic of",LBR,West Africa
520,Liberia,LBR,2013,8.28010082,"Liberia, Republic of",LBR,West Africa
521,Liberia,LBR,2014,9.20679283,"Liberia, Republic of",LBR,West Africa
522,Liberia,LBR,2015,10.63758373,"Liberia, Republic of",LBR,West Africa
523,Liberia,LBR,2016,9.85343266,"Liberia, Republic of",LBR,West Africa
524,Liberia,LBR,2017,9.09297276,"Liberia, Republic of",LBR,West Africa
525,Liberia,LBR,2018,9.03880787,"Liberia, Republic of",LBR,West Africa
526,Liberia,LBR,2019,8.47005749,"Liberia, Republic of",LBR,West Africa
527,Liberia,LBR,2020,,"Liberia, Republic of",LBR,West Africa
528,Liberia,LBR,2021,,"Liberia, Republic of",LBR,West Africa
529,Libya,LBY,2000,3.42542052,Libyan Arab Jamahiriya,LBY,North Africa
530,Libya,LBY,2001,4.05162811,Libyan Arab Jamahiriya,LBY,North Africa
531,Libya,LBY,2002,4.89009905,Libyan Arab Jamahiriya,LBY,North Africa
532,Libya,LBY,2003,4.10041189,Libyan Arab Jamahiriya,LBY,North Africa
533,Libya,LBY,2004,3.49171281,Libyan Arab Jamahiriya,LBY,North Africa
534,Libya,LBY,2005,2.59774685,Libyan Arab Jamahiriya,LBY,North Africa
535,Libya,LBY,2006,2.51467609,Libyan Arab Jamahiriya,LBY,North Africa
536,Libya,LBY,2007,2.43791389,Libyan Arab Jamahiriya,LBY,North Africa
537,Libya,LBY,2008,2.63571715,Libyan Arab Jamahiriya,LBY,North Africa
538,Libya,LBY,2009,4.28816032,Libyan Arab Jamahiriya,LBY,North Africa
539,Libya,LBY,2010,3.58541131,Libyan Arab Jamahiriya,LBY,North Africa
540,Libya,LBY,2011,6.05012751,Libyan Arab Jamahiriya,LBY,North Africa
541,Libya,LBY,2012,,Libyan Arab Jamahiriya,LBY,North Africa
542,Libya,LBY,2013,,Libyan Arab Jamahiriya,LBY,North Africa
543,Libya,LBY,2014,,Libyan Arab Jamahiriya,LBY,North Africa
544,Libya,LBY,2015,,Libyan Arab Jamahiriya,LBY,North Africa
545,Libya,LBY,2016,,Libyan Arab Jamahiriya,LBY,North Africa
546,Libya,LBY,2017,,Libyan Arab Jamahiriya,LBY,North Africa
547,Libya,LBY,2018,,Libyan Arab Jamahiriya,LBY,North Africa
548,Libya,LBY,2019,,Libyan Arab Jamahiriya,LBY,North Africa
549,Libya,LBY,2020,,Libyan Arab Jamahiriya,LBY,North Africa
550,Libya,LBY,2021,,Libyan Arab Jamahiriya,LBY,North Africa
551,Madagascar,MDG,2000,4.46962881,"Madagascar, Republic of",MDG,East Africa
552,Madagascar,MDG,2001,4.75725555,"Madagascar, Republic of",MDG,East Africa
553,Madagascar,MDG,2002,4.97110605,"Madagascar, Republic of",MDG,East Africa
554,Madagascar,MDG,2003,4.74734688,"Madagascar, Republic of",MDG,East Africa
555,Madagascar,MDG,2004,5.25489902,"Madagascar, Republic of",MDG,East Africa
556,Madagascar,MDG,2005,5.20261955,"Madagascar, Republic of",MDG,East Africa
557,Madagascar,MDG,2006,5.07627583,"Madagascar, Republic of",MDG,East Africa
558,Madagascar,MDG,2007,4.49428749,"Madagascar, Republic of",MDG,East Africa
559,Madagascar,MDG,2008,4.10616875,"Madagascar, Republic of",MDG,East Africa
560,Madagascar,MDG,2009,4.41676188,"Madagascar, Republic of",MDG,East Africa
561,Madagascar,MDG,2010,4.65100336,"Madagascar, Republic of",MDG,East Africa
562,Madagascar,MDG,2011,4.43843079,"Madagascar, Republic of",MDG,East Africa
563,Madagascar,MDG,2012,3.82249737,"Madagascar, Republic of",MDG,East Africa
564,Madagascar,MDG,2013,3.73896837,"Madagascar, Republic of",MDG,East Africa
565,Madagascar,MDG,2014,4.42833662,"Madagascar, Republic of",MDG,East Africa
566,Madagascar,MDG,2015,4.97224474,"Madagascar, Republic of",MDG,East Africa
567,Madagascar,MDG,2016,5.25697422,"Madagascar, Republic of",MDG,East Africa
568,Madagascar,MDG,2017,4.84431553,"Madagascar, Republic of",MDG,East Africa
569,Madagascar,MDG,2018,4.19787312,"Madagascar, Republic of",MDG,East Africa
570,Madagascar,MDG,2019,3.68728375,"Madagascar, Republic of",MDG,East Africa
571,Madagascar,MDG,2020,,"Madagascar, Republic of",MDG,East Africa
572,Madagascar,MDG,2021,,"Madagascar, Republic of",MDG,East Africa
573,Malawi,MWI,2000,2.7561748,"Malawi, Republic of",MWI,East Africa
574,Malawi,MWI,2001,2.38508582,"Malawi, Republic of",MWI,East Africa
575,Malawi,MWI,2002,3.77586961,"Malawi, Republic of",MWI,East Africa
576,Malawi,MWI,2003,4.67483664,"Malawi, Republic of",MWI,East Africa
577,Malawi,MWI,2004,5.73337364,"Malawi, Republic of",MWI,East Africa
578,Malawi,MWI,2005,6.05505085,"Malawi, Republic of",MWI,East Africa
579,Malawi,MWI,2006,6.91642094,"Malawi, Republic of",MWI,East Africa
580,Malawi,MWI,2007,7.66315603,"Malawi, Republic of",MWI,East Africa
581,Malawi,MWI,2008,8.59821701,"Malawi, Republic of",MWI,East Africa
582,Malawi,MWI,2009,8.26966286,"Malawi, Republic of",MWI,East Africa
583,Malawi,MWI,2010,7.24138308,"Malawi, Republic of",MWI,East Africa
584,Malawi,MWI,2011,7.49375153,"Malawi, Republic of",MWI,East Africa
585,Malawi,MWI,2012,8.47898579,"Malawi, Republic of",MWI,East Africa
586,Malawi,MWI,2013,11.57910728,"Malawi, Republic of",MWI,East Africa
587,Malawi,MWI,2014,9.71205044,"Malawi, Republic of",MWI,East Africa
588,Malawi,MWI,2015,9.33334064,"Malawi, Republic of",MWI,East Africa
589,Malawi,MWI,2016,10.87966633,"Malawi, Republic of",MWI,East Africa
590,Malawi,MWI,2017,10.88755989,"Malawi, Republic of",MWI,East Africa
591,Malawi,MWI,2018,9.82898998,"Malawi, Republic of",MWI,East Africa
592,Malawi,MWI,2019,7.39341164,"Malawi, Republic of",MWI,East Africa
593,Malawi,MWI,2020,,"Malawi, Republic of",MWI,East Africa
594,Malawi,MWI,2021,,"Malawi, Republic of",MWI,East Africa
595,Mali,MLI,2000,5.46631575,"Mali, Republic of",MLI,West Africa
596,Mali,MLI,2001,4.51951408,"Mali, Republic of",MLI,West Africa
597,Mali,MLI,2002,4.99772739,"Mali, Republic of",MLI,West Africa
598,Mali,MLI,2003,5.05059528,"Mali, Republic of",MLI,West Africa
599,Mali,MLI,2004,5.21768284,"Mali, Republic of",MLI,West Africa
600,Mali,MLI,2005,5.19515705,"Mali, Republic of",MLI,West Africa
601,Mali,MLI,2006,5.45588827,"Mali, Republic of",MLI,West Africa
602,Mali,MLI,2007,5.25303316,"Mali, Republic of",MLI,West Africa
603,Mali,MLI,2008,5.04372358,"Mali, Republic of",MLI,West Africa
604,Mali,MLI,2009,5.22657919,"Mali, Republic of",MLI,West Africa
605,Mali,MLI,2010,4.67865038,"Mali, Republic of",MLI,West Africa
606,Mali,MLI,2011,4.01483822,"Mali, Republic of",MLI,West Africa
607,Mali,MLI,2012,3.7521615,"Mali, Republic of",MLI,West Africa
608,Mali,MLI,2013,3.96750712,"Mali, Republic of",MLI,West Africa
609,Mali,MLI,2014,4.48156309,"Mali, Republic of",MLI,West Africa
610,Mali,MLI,2015,4.11143351,"Mali, Republic of",MLI,West Africa
611,Mali,MLI,2016,3.77377391,"Mali, Republic of",MLI,West Africa
612,Mali,MLI,2017,3.67425632,"Mali, Republic of",MLI,West Africa
613,Mali,MLI,2018,3.73249865,"Mali, Republic of",MLI,West Africa
614,Mali,MLI,2019,3.89389849,"Mali, Republic of",MLI,West Africa
615,Mali,MLI,2020,,"Mali, Republic of",MLI,West Africa
616,Mali,MLI,2021,,"Mali, Republic of",MLI,West Africa
617,Mauritania,MRT,2000,3.37825727,"Mauritania, Islamic Republic of",MRT,West Africa
618,Mauritania,MRT,2001,3.57184672,"Mauritania, Islamic Republic of",MRT,West Africa
619,Mauritania,MRT,2002,4.00226164,"Mauritania, Islamic Republic of",MRT,West Africa
620,Mauritania,MRT,2003,4.03255796,"Mauritania, Islamic Republic of",MRT,West Africa
621,Mauritania,MRT,2004,3.70430946,"Mauritania, Islamic Republic of",MRT,West Africa
622,Mauritania,MRT,2005,3.40313458,"Mauritania, Islamic Republic of",MRT,West Africa
623,Mauritania,MRT,2006,2.70253325,"Mauritania, Islamic Republic of",MRT,West Africa
624,Mauritania,MRT,2007,2.87644672,"Mauritania, Islamic Republic of",MRT,West Africa
625,Mauritania,MRT,2008,3.01339459,"Mauritania, Islamic Republic of",MRT,West Africa
626,Mauritania,MRT,2009,3.11034536,"Mauritania, Islamic Republic of",MRT,West Africa
627,Mauritania,MRT,2010,2.63619399,"Mauritania, Islamic Republic of",MRT,West Africa
628,Mauritania,MRT,2011,2.47383666,"Mauritania, Islamic Republic of",MRT,West Africa
629,Mauritania,MRT,2012,2.64919353,"Mauritania, Islamic Republic of",MRT,West Africa
630,Mauritania,MRT,2013,2.86799884,"Mauritania, Islamic Republic of",MRT,West Africa
631,Mauritania,MRT,2014,3.46724391,"Mauritania, Islamic Republic of",MRT,West Africa
632,Mauritania,MRT,2015,3.67363763,"Mauritania, Islamic Republic of",MRT,West Africa
633,Mauritania,MRT,2016,3.09649324,"Mauritania, Islamic Republic of",MRT,West Africa
634,Mauritania,MRT,2017,3.33722878,"Mauritania, Islamic Republic of",MRT,West Africa
635,Mauritania,MRT,2018,3.57909012,"Mauritania, Islamic Republic of",MRT,West Africa
636,Mauritania,MRT,2019,3.30329728,"Mauritania, Islamic Republic of",MRT,West Africa
637,Mauritania,MRT,2020,,"Mauritania, Islamic Republic of",MRT,West Africa
638,Mauritania,MRT,2021,,"Mauritania, Islamic Republic of",MRT,West Africa
639,Mauritius,MUS,2000,2.89581966,"Mauritius, Republic of",MUS,East Africa
640,Mauritius,MUS,2001,2.96084642,"Mauritius, Republic of",MUS,East Africa
641,Mauritius,MUS,2002,3.23190355,"Mauritius, Republic of",MUS,East Africa
642,Mauritius,MUS,2003,3.22486687,"Mauritius, Republic of",MUS,East Africa
643,Mauritius,MUS,2004,3.36119127,"Mauritius, Republic of",MUS,East Africa
644,Mauritius,MUS,2005,3.56529307,"Mauritius, Republic of",MUS,East Africa
645,Mauritius,MUS,2006,3.65428853,"Mauritius, Republic of",MUS,East Africa
646,Mauritius,MUS,2007,3.57065129,"Mauritius, Republic of",MUS,East Africa
647,Mauritius,MUS,2008,3.99199653,"Mauritius, Republic of",MUS,East Africa
648,Mauritius,MUS,2009,4.2265029,"Mauritius, Republic of",MUS,East Africa
649,Mauritius,MUS,2010,4.57982111,"Mauritius, Republic of",MUS,East Africa
650,Mauritius,MUS,2011,4.3078289,"Mauritius, Republic of",MUS,East Africa
651,Mauritius,MUS,2012,4.27675056,"Mauritius, Republic of",MUS,East Africa
652,Mauritius,MUS,2013,4.68303633,"Mauritius, Republic of",MUS,East Africa
653,Mauritius,MUS,2014,5.49399614,"Mauritius, Republic of",MUS,East Africa
654,Mauritius,MUS,2015,5.6999588,"Mauritius, Republic of",MUS,East Africa
655,Mauritius,MUS,2016,5.70678568,"Mauritius, Republic of",MUS,East Africa
656,Mauritius,MUS,2017,5.80943251,"Mauritius, Republic of",MUS,East Africa
657,Mauritius,MUS,2018,5.86705875,"Mauritius, Republic of",MUS,East Africa
658,Mauritius,MUS,2019,6.19943714,"Mauritius, Republic of",MUS,East Africa
659,Mauritius,MUS,2020,,"Mauritius, Republic of",MUS,East Africa
660,Mauritius,MUS,2021,,"Mauritius, Republic of",MUS,East Africa
661,Morocco,MAR,2000,3.97807431,"Morocco, Kingdom of",MAR,North Africa
662,Morocco,MAR,2001,4.12981606,"Morocco, Kingdom of",MAR,North Africa
663,Morocco,MAR,2002,4.42979431,"Morocco, Kingdom of",MAR,North Africa
664,Morocco,MAR,2003,4.55366516,"Morocco, Kingdom of",MAR,North Africa
665,Morocco,MAR,2004,4.72918844,"Morocco, Kingdom of",MAR,North Africa
666,Morocco,MAR,2005,4.76469755,"Morocco, Kingdom of",MAR,North Africa
667,Morocco,MAR,2006,4.94123936,"Morocco, Kingdom of",MAR,North Africa
668,Morocco,MAR,2007,5.42293549,"Morocco, Kingdom of",MAR,North Africa
669,Morocco,MAR,2008,5.30251694,"Morocco, Kingdom of",MAR,North Africa
670,Morocco,MAR,2009,5.8412447,"Morocco, Kingdom of",MAR,North Africa
671,Morocco,MAR,2010,5.86408854,"Morocco, Kingdom of",MAR,North Africa
672,Morocco,MAR,2011,5.7329936,"Morocco, Kingdom of",MAR,North Africa
673,Morocco,MAR,2012,5.74942255,"Morocco, Kingdom of",MAR,North Africa
674,Morocco,MAR,2013,5.68743515,"Morocco, Kingdom of",MAR,North Africa
675,Morocco,MAR,2014,5.27820778,"Morocco, Kingdom of",MAR,North Africa
676,Morocco,MAR,2015,5.06548977,"Morocco, Kingdom of",MAR,North Africa
677,Morocco,MAR,2016,5.23985195,"Morocco, Kingdom of",MAR,North Africa
678,Morocco,MAR,2017,5.23467541,"Morocco, Kingdom of",MAR,North Africa
679,Morocco,MAR,2018,5.33230448,"Morocco, Kingdom of",MAR,North Africa
680,Morocco,MAR,2019,5.30845118,"Morocco, Kingdom of",MAR,North Africa
681,Morocco,MAR,2020,,"Morocco, Kingdom of",MAR,North Africa
682,Morocco,MAR,2021,,"Morocco, Kingdom of",MAR,North Africa
683,Mozambique,MOZ,2000,2.26010299,"Mozambique, Republic of",MOZ,East Africa
684,Mozambique,MOZ,2001,2.95498824,"Mozambique, Republic of",MOZ,East Africa
685,Mozambique,MOZ,2002,3.34283662,"Mozambique, Republic of",MOZ,East Africa
686,Mozambique,MOZ,2003,3.4220655,"Mozambique, Republic of",MOZ,East Africa
687,Mozambique,MOZ,2004,3.6926434,"Mozambique, Republic of",MOZ,East Africa
688,Mozambique,MOZ,2005,4.39079046,"Mozambique, Republic of",MOZ,East Africa
689,Mozambique,MOZ,2006,4.10098362,"Mozambique, Republic of",MOZ,East Africa
690,Mozambique,MOZ,2007,3.94103193,"Mozambique, Republic of",MOZ,East Africa
691,Mozambique,MOZ,2008,4.23261261,"Mozambique, Republic of",MOZ,East Africa
692,Mozambique,MOZ,2009,5.21038246,"Mozambique, Republic of",MOZ,East Africa
693,Mozambique,MOZ,2010,5.44726419,"Mozambique, Republic of",MOZ,East Africa
694,Mozambique,MOZ,2011,5.00311899,"Mozambique, Republic of",MOZ,East Africa
695,Mozambique,MOZ,2012,5.24640608,"Mozambique, Republic of",MOZ,East Africa
696,Mozambique,MOZ,2013,6.12555981,"Mozambique, Republic of",MOZ,East Africa
697,Mozambique,MOZ,2014,6.33231783,"Mozambique, Republic of",MOZ,East Africa
698,Mozambique,MOZ,2015,6.7166338,"Mozambique, Republic of",MOZ,East Africa
699,Mozambique,MOZ,2016,7.17241096,"Mozambique, Republic of",MOZ,East Africa
700,Mozambique,MOZ,2017,7.75916147,"Mozambique, Republic of",MOZ,East Africa
701,Mozambique,MOZ,2018,8.09185696,"Mozambique, Republic of",MOZ,East Africa
702,Mozambique,MOZ,2019,7.83351135,"Mozambique, Republic of",MOZ,East Africa
703,Mozambique,MOZ,2020,,"Mozambique, Republic of",MOZ,East Africa
704,Mozambique,MOZ,2021,,"Mozambique, Republic of",MOZ,East Africa
705,Namibia,NAM,2000,9.63792515,"Namibia, Republic of",NAM,Southern Africa
706,Namibia,NAM,2001,9.53211975,"Namibia, Republic of",NAM,Southern Africa
707,Namibia,NAM,2002,9.73386574,"Namibia, Republic of",NAM,Southern Africa
708,Namibia,NAM,2003,9.87848473,"Namibia, Republic of",NAM,Southern Africa
709,Namibia,NAM,2004,10.18727589,"Namibia, Republic of",NAM,Southern Africa
710,Namibia,NAM,2005,10.19230366,"Namibia, Republic of",NAM,Southern Africa
711,Namibia,NAM,2006,10.13995361,"Namibia, Republic of",NAM,Southern Africa
712,Namibia,NAM,2007,10.71633053,"Namibia, Republic of",NAM,Southern Africa
713,Namibia,NAM,2008,9.91801167,"Namibia, Republic of",NAM,Southern Africa
714,Namibia,NAM,2009,9.04967022,"Namibia, Republic of",NAM,Southern Africa
715,Namibia,NAM,2010,9.72781372,"Namibia, Republic of",NAM,Southern Africa
716,Namibia,NAM,2011,9.83193302,"Namibia, Republic of",NAM,Southern Africa
717,Namibia,NAM,2012,9.26659298,"Namibia, Republic of",NAM,Southern Africa
718,Namibia,NAM,2013,9.06448746,"Namibia, Republic of",NAM,Southern Africa
719,Namibia,NAM,2014,8.40890884,"Namibia, Republic of",NAM,Southern Africa
720,Namibia,NAM,2015,9.98109627,"Namibia, Republic of",NAM,Southern Africa
721,Namibia,NAM,2016,9.3223238,"Namibia, Republic of",NAM,Southern Africa
722,Namibia,NAM,2017,8.72573948,"Namibia, Republic of",NAM,Southern Africa
723,Namibia,NAM,2018,8.31428051,"Namibia, Republic of",NAM,Southern Africa
724,Namibia,NAM,2019,8.49700546,"Namibia, Republic of",NAM,Southern Africa
725,Namibia,NAM,2020,,"Namibia, Republic of",NAM,Southern Africa
726,Namibia,NAM,2021,,"Namibia, Republic of",NAM,Southern Africa
727,Niger,NER,2000,4.69006205,"Niger, Republic of",NER,West Africa
728,Niger,NER,2001,4.75814819,"Niger, Republic of",NER,West Africa
729,Niger,NER,2002,4.85896921,"Niger, Republic of",NER,West Africa
730,Niger,NER,2003,4.77954054,"Niger, Republic of",NER,West Africa
731,Niger,NER,2004,5.01117468,"Niger, Republic of",NER,West Africa
732,Niger,NER,2005,5.67636585,"Niger, Republic of",NER,West Africa
733,Niger,NER,2006,5.80891418,"Niger, Republic of",NER,West Africa
734,Niger,NER,2007,5.38838816,"Niger, Republic of",NER,West Africa
735,Niger,NER,2008,5.22303343,"Niger, Republic of",NER,West Africa
736,Niger,NER,2009,5.33016539,"Niger, Republic of",NER,West Africa
737,Niger,NER,2010,5.02160501,"Niger, Republic of",NER,West Africa
738,Niger,NER,2011,4.87324095,"Niger, Republic of",NER,West Africa
739,Niger,NER,2012,4.30732203,"Niger, Republic of",NER,West Africa
740,Niger,NER,2013,4.46635866,"Niger, Republic of",NER,West Africa
741,Niger,NER,2014,4.45376825,"Niger, Republic of",NER,West Africa
742,Niger,NER,2015,5.34746218,"Niger, Republic of",NER,West Africa
743,Niger,NER,2016,4.53239059,"Niger, Republic of",NER,West Africa
744,Niger,NER,2017,5.57411432,"Niger, Republic of",NER,West Africa
745,Niger,NER,2018,5.28845072,"Niger, Republic of",NER,West Africa
746,Niger,NER,2019,5.6686306,"Niger, Republic of",NER,West Africa
747,Niger,NER,2020,,"Niger, Republic of",NER,West Africa
748,Niger,NER,2021,,"Niger, Republic of",NER,West Africa
749,Nigeria,NGA,2000,3.19738436,"Nigeria, Federal Republic of",NGA,West Africa
750,Nigeria,NGA,2001,3.18946958,"Nigeria, Federal Republic of",NGA,West Africa
751,Nigeria,NGA,2002,2.49064016,"Nigeria, Federal Republic of",NGA,West Africa
752,Nigeria,NGA,2003,5.05360937,"Nigeria, Federal Republic of",NGA,West Africa
753,Nigeria,NGA,2004,4.6336832,"Nigeria, Federal Republic of",NGA,West Africa
754,Nigeria,NGA,2005,4.46591902,"Nigeria, Federal Republic of",NGA,West Africa
755,Nigeria,NGA,2006,4.25775146,"Nigeria, Federal Republic of",NGA,West Africa
756,Nigeria,NGA,2007,3.90997314,"Nigeria, Federal Republic of",NGA,West Africa
757,Nigeria,NGA,2008,3.6958158,"Nigeria, Federal Republic of",NGA,West Africa
758,Nigeria,NGA,2009,3.58019733,"Nigeria, Federal Republic of",NGA,West Africa
759,Nigeria,NGA,2010,3.29653287,"Nigeria, Federal Republic of",NGA,West Africa
760,Nigeria,NGA,2011,3.32077932,"Nigeria, Federal Republic of",NGA,West Africa
761,Nigeria,NGA,2012,3.35984278,"Nigeria, Federal Republic of",NGA,West Africa
762,Nigeria,NGA,2013,3.42069316,"Nigeria, Federal Republic of",NGA,West Africa
763,Nigeria,NGA,2014,3.34840369,"Nigeria, Federal Republic of",NGA,West Africa
764,Nigeria,NGA,2015,3.58194971,"Nigeria, Federal Republic of",NGA,West Africa
765,Nigeria,NGA,2016,3.64773679,"Nigeria, Federal Republic of",NGA,West Africa
766,Nigeria,NGA,2017,3.75336528,"Nigeria, Federal Republic of",NGA,West Africa
767,Nigeria,NGA,2018,3.09069371,"Nigeria, Federal Republic of",NGA,West Africa
768,Nigeria,NGA,2019,3.02666044,"Nigeria, Federal Republic of",NGA,West Africa
769,Nigeria,NGA,2020,,"Nigeria, Federal Republic of",NGA,West Africa
770,Nigeria,NGA,2021,,"Nigeria, Federal Republic of",NGA,West Africa
771,Guinea-Bissau,GNB,2000,6.74484873,"Guinea-Bissau, Republic of",GNB,West Africa
772,Guinea-Bissau,GNB,2001,6.70832253,"Guinea-Bissau, Republic of",GNB,West Africa
773,Guinea-Bissau,GNB,2002,5.82295132,"Guinea-Bissau, Republic of",GNB,West Africa
774,Guinea-Bissau,GNB,2003,5.88066721,"Guinea-Bissau, Republic of",GNB,West Africa
775,Guinea-Bissau,GNB,2004,7.47920132,"Guinea-Bissau, Republic of",GNB,West Africa
776,Guinea-Bissau,GNB,2005,7.2509346,"Guinea-Bissau, Republic of",GNB,West Africa
777,Guinea-Bissau,GNB,2006,7.28979492,"Guinea-Bissau, Republic of",GNB,West Africa
778,Guinea-Bissau,GNB,2007,7.2952776,"Guinea-Bissau, Republic of",GNB,West Africa
779,Guinea-Bissau,GNB,2008,7.04291964,"Guinea-Bissau, Republic of",GNB,West Africa
780,Guinea-Bissau,GNB,2009,6.94844484,"Guinea-Bissau, Republic of",GNB,West Africa
781,Guinea-Bissau,GNB,2010,6.2611661,"Guinea-Bissau, Republic of",GNB,West Africa
782,Guinea-Bissau,GNB,2011,6.21634817,"Guinea-Bissau, Republic of",GNB,West Africa
783,Guinea-Bissau,GNB,2012,5.94403839,"Guinea-Bissau, Republic of",GNB,West Africa
784,Guinea-Bissau,GNB,2013,7.03947115,"Guinea-Bissau, Republic of",GNB,West Africa
785,Guinea-Bissau,GNB,2014,9.96897316,"Guinea-Bissau, Republic of",GNB,West Africa
786,Guinea-Bissau,GNB,2015,8.13228226,"Guinea-Bissau, Republic of",GNB,West Africa
787,Guinea-Bissau,GNB,2016,8.32881451,"Guinea-Bissau, Republic of",GNB,West Africa
788,Guinea-Bissau,GNB,2017,7.00049543,"Guinea-Bissau, Republic of",GNB,West Africa
789,Guinea-Bissau,GNB,2018,7.62560892,"Guinea-Bissau, Republic of",GNB,West Africa
790,Guinea-Bissau,GNB,2019,8.34976101,"Guinea-Bissau, Republic of",GNB,West Africa
791,Guinea-Bissau,GNB,2020,,"Guinea-Bissau, Republic of",GNB,West Africa
792,Guinea-Bissau,GNB,2021,,"Guinea-Bissau, Republic of",GNB,West Africa
793,,,,,Reunion,REU,East Africa
794,Rwanda,RWA,2000,4.26349449,"Rwanda, Republic of",RWA,East Africa
795,Rwanda,RWA,2001,3.89250112,"Rwanda, Republic of",RWA,East Africa
796,Rwanda,RWA,2002,3.66946197,"Rwanda, Republic of",RWA,East Africa
797,Rwanda,RWA,2003,8.02439117,"Rwanda, Republic of",RWA,East Africa
798,Rwanda,RWA,2004,8.54291725,"Rwanda, Republic of",RWA,East Africa
799,Rwanda,RWA,2005,8.77702618,"Rwanda, Republic of",RWA,East Africa
800,Rwanda,RWA,2006,7.58474445,"Rwanda, Republic of",RWA,East Africa
801,Rwanda,RWA,2007,7.83395863,"Rwanda, Republic of",RWA,East Africa
802,Rwanda,RWA,2008,7.5351038,"Rwanda, Republic of",RWA,East Africa
803,Rwanda,RWA,2009,7.77558613,"Rwanda, Republic of",RWA,East Africa
804,Rwanda,RWA,2010,8.05313301,"Rwanda, Republic of",RWA,East Africa
805,Rwanda,RWA,2011,7.90435696,"Rwanda, Republic of",RWA,East Africa
806,Rwanda,RWA,2012,8.06890869,"Rwanda, Republic of",RWA,East Africa
807,Rwanda,RWA,2013,6.74579239,"Rwanda, Republic of",RWA,East Africa
808,Rwanda,RWA,2014,6.95749235,"Rwanda, Republic of",RWA,East Africa
809,Rwanda,RWA,2015,6.62107325,"Rwanda, Republic of",RWA,East Africa
810,Rwanda,RWA,2016,6.92619371,"Rwanda, Republic of",RWA,East Africa
811,Rwanda,RWA,2017,6.38999128,"Rwanda, Republic of",RWA,East Africa
812,Rwanda,RWA,2018,6.6816082,"Rwanda, Republic of",RWA,East Africa
813,Rwanda,RWA,2019,6.41066742,"Rwanda, Republic of",RWA,East Africa
814,Rwanda,RWA,2020,,"Rwanda, Republic of",RWA,East Africa
815,Rwanda,RWA,2021,,"Rwanda, Republic of",RWA,East Africa
816,,,,,Saint Helena,SHN,West Africa
817,Sao Tome and Principe,STP,2000,10.51090622,"Sao Tome and Principe, Democratic Republic of",STP,Central Africa
818,Sao Tome and Principe,STP,2001,10.83180332,"Sao Tome and Principe, Democratic Republic of",STP,Central Africa
819,Sao Tome and Principe,STP,2002,10.66279221,"Sao Tome and Principe, Democratic Republic of",STP,Central Africa
820,Sao Tome and Principe,STP,2003,12.6178236,"Sao Tome and Principe, Democratic Republic of",STP,Central Africa
821,Sao Tome and Principe,STP,2004,11.86979675,"Sao Tome and Principe, Democratic Republic of",STP,Central Africa
822,Sao Tome and Principe,STP,2005,11.51630402,"Sao Tome and Principe, Democratic Republic of",STP,Central Africa
823,Sao Tome and Principe,STP,2006,8.27670765,"Sao Tome and Principe, Democratic Republic of",STP,Central Africa
824,Sao Tome and Principe,STP,2007,8.1677618,"Sao Tome and Principe, Democratic Republic of",STP,Central Africa
825,Sao Tome and Principe,STP,2008,7.11202765,"Sao Tome and Principe, Democratic Republic of",STP,Central Africa
826,Sao Tome and Principe,STP,2009,7.19514179,"Sao Tome and Principe, Democratic Republic of",STP,Central Africa
827,Sao Tome and Principe,STP,2010,6.84464884,"Sao Tome and Principe, Democratic Republic of",STP,Central Africa
828,Sao Tome and Principe,STP,2011,6.75577354,"Sao Tome and Principe, Democratic Republic of",STP,Central Africa
829,Sao Tome and Principe,STP,2012,6.47629499,"Sao Tome and Principe, Democratic Republic of",STP,Central Africa
830,Sao Tome and Principe,STP,2013,7.93743801,"Sao Tome and Principe, Democratic Republic of",STP,Central Africa
831,Sao Tome and Principe,STP,2014,6.73101854,"Sao Tome and Principe, Democratic Republic of",STP,Central Africa
832,Sao Tome and Principe,STP,2015,5.34009647,"Sao Tome and Principe, Democratic Republic of",STP,Central Africa
833,Sao Tome and Principe,STP,2016,6.43088818,"Sao Tome and Principe, Democratic Republic of",STP,Central Africa
834,Sao Tome and Principe,STP,2017,6.46091604,"Sao Tome and Principe, Democratic Republic of",STP,Central Africa
835,Sao Tome and Principe,STP,2018,5.84369802,"Sao Tome and Principe, Democratic Republic of",STP,Central Africa
836,Sao Tome and Principe,STP,2019,5.52976227,"Sao Tome and Principe, Democratic Republic of",STP,Central Africa
837,Sao Tome and Principe,STP,2020,,"Sao Tome and Principe, Democratic Republic of",STP,Central Africa
838,Sao Tome and Principe,STP,2021,,"Sao Tome and Principe, Democratic Republic of",STP,Central Africa
839,Senegal,SEN,2000,3.53971124,"Senegal, Republic of",SEN,West Africa
840,Senegal,SEN,2001,3.67916536,"Senegal, Republic of",SEN,West Africa
841,Senegal,SEN,2002,3.95129871,"Senegal, Republic of",SEN,West Africa
842,Senegal,SEN,2003,4.29645395,"Senegal, Republic of",SEN,West Africa
843,Senegal,SEN,2004,4.56848049,"Senegal, Republic of",SEN,West Africa
844,Senegal,SEN,2005,3.67466164,"Senegal, Republic of",SEN,West Africa
845,Senegal,SEN,2006,3.76337719,"Senegal, Republic of",SEN,West Africa
846,Senegal,SEN,2007,3.41496325,"Senegal, Republic of",SEN,West Africa
847,Senegal,SEN,2008,3.50687575,"Senegal, Republic of",SEN,West Africa
848,Senegal,SEN,2009,3.84157085,"Senegal, Republic of",SEN,West Africa
849,Senegal,SEN,2010,4.02764177,"Senegal, Republic of",SEN,West Africa
850,Senegal,SEN,2011,4.21416569,"Senegal, Republic of",SEN,West Africa
851,Senegal,SEN,2012,4.26687956,"Senegal, Republic of",SEN,West Africa
852,Senegal,SEN,2013,4.38575172,"Senegal, Republic of",SEN,West Africa
853,Senegal,SEN,2014,4.39605808,"Senegal, Republic of",SEN,West Africa
854,Senegal,SEN,2015,4.38257313,"Senegal, Republic of",SEN,West Africa
855,Senegal,SEN,2016,4.26078129,"Senegal, Republic of",SEN,West Africa
856,Senegal,SEN,2017,3.99707484,"Senegal, Republic of",SEN,West Africa
857,Senegal,SEN,2018,4.23825741,"Senegal, Republic of",SEN,West Africa
858,Senegal,SEN,2019,4.13226938,"Senegal, Republic of",SEN,West Africa
859,Senegal,SEN,2020,,"Senegal, Republic of",SEN,West Africa
860,Senegal,SEN,2021,,"Senegal, Republic of",SEN,West Africa
861,Seychelles,SYC,2000,4.61071825,"Seychelles, Republic of",SYC,East Africa
862,Seychelles,SYC,2001,5.39628124,"Seychelles, Republic of",SYC,East Africa
863,Seychelles,SYC,2002,4.56042624,"Seychelles, Republic of",SYC,East Africa
864,Seychelles,SYC,2003,5.35933495,"Seychelles, Republic of",SYC,East Africa
865,Seychelles,SYC,2004,5.1972785,"Seychelles, Republic of",SYC,East Africa
866,Seychelles,SYC,2005,4.97854805,"Seychelles, Republic of",SYC,East Africa
867,Seychelles,SYC,2006,4.67937088,"Seychelles, Republic of",SYC,East Africa
868,Seychelles,SYC,2007,4.09072113,"Seychelles, Republic of",SYC,East Africa
869,Seychelles,SYC,2008,3.98245716,"Seychelles, Republic of",SYC,East Africa
870,Seychelles,SYC,2009,3.88551354,"Seychelles, Republic of",SYC,East Africa
871,Seychelles,SYC,2010,4.82908678,"Seychelles, Republic of",SYC,East Africa
872,Seychelles,SYC,2011,4.80053091,"Seychelles, Republic of",SYC,East Africa
873,Seychelles,SYC,2012,5.73247576,"Seychelles, Republic of",SYC,East Africa
874,Seychelles,SYC,2013,4.50912476,"Seychelles, Republic of",SYC,East Africa
875,Seychelles,SYC,2014,4.7388773,"Seychelles, Republic of",SYC,East Africa
876,Seychelles,SYC,2015,4.5895319,"Seychelles, Republic of",SYC,East Africa
877,Seychelles,SYC,2016,5.18561649,"Seychelles, Republic of",SYC,East Africa
878,Seychelles,SYC,2017,4.90735865,"Seychelles, Republic of",SYC,East Africa
879,Seychelles,SYC,2018,5.26916742,"Seychelles, Republic of",SYC,East Africa
880,Seychelles,SYC,2019,5.1902914,"Seychelles, Republic of",SYC,East Africa
881,Seychelles,SYC,2020,,"Seychelles, Republic of",SYC,East Africa
882,Seychelles,SYC,2021,,"Seychelles, Republic of",SYC,East Africa
883,Sierra Leone,SLE,2000,11.51732922,"Sierra Leone, Republic of",SLE,West Africa
884,Sierra Leone,SLE,2001,10.97251225,"Sierra Leone, Republic of",SLE,West Africa
885,Sierra Leone,SLE,2002,11.42102432,"Sierra Leone, Republic of",SLE,West Africa
886,Sierra Leone,SLE,2003,10.82905197,"Sierra Leone, Republic of",SLE,West Africa
887,Sierra Leone,SLE,2004,10.96055317,"Sierra Leone, Republic of",SLE,West Africa
888,Sierra Leone,SLE,2005,11.03772926,"Sierra Leone, Republic of",SLE,West Africa
889,Sierra Leone,SLE,2006,10.39398956,"Sierra Leone, Republic of",SLE,West Africa
890,Sierra Leone,SLE,2007,10.03516197,"Sierra Leone, Republic of",SLE,West Africa
891,Sierra Leone,SLE,2008,9.87387085,"Sierra Leone, Republic of",SLE,West Africa
892,Sierra Leone,SLE,2009,11.09847832,"Sierra Leone, Republic of",SLE,West Africa
893,Sierra Leone,SLE,2010,10.94338036,"Sierra Leone, Republic of",SLE,West Africa
894,Sierra Leone,SLE,2011,13.28134346,"Sierra Leone, Republic of",SLE,West Africa
895,Sierra Leone,SLE,2012,10.59041977,"Sierra Leone, Republic of",SLE,West Africa
896,Sierra Leone,SLE,2013,11.56772041,"Sierra Leone, Republic of",SLE,West Africa
897,Sierra Leone,SLE,2014,19.72741699,"Sierra Leone, Republic of",SLE,West Africa
898,Sierra Leone,SLE,2015,20.413414,"Sierra Leone, Republic of",SLE,West Africa
899,Sierra Leone,SLE,2016,16.5259552,"Sierra Leone, Republic of",SLE,West Africa
900,Sierra Leone,SLE,2017,9.39976025,"Sierra Leone, Republic of",SLE,West Africa
901,Sierra Leone,SLE,2018,8.28987408,"Sierra Leone, Republic of",SLE,West Africa
902,Sierra Leone,SLE,2019,8.74976635,"Sierra Leone, Republic of",SLE,West Africa
903,Sierra Leone,SLE,2020,,"Sierra Leone, Republic of",SLE,West Africa
904,Sierra Leone,SLE,2021,,"Sierra Leone, Republic of",SLE,West Africa
905,Somalia,SOM,2000,,"Somalia, Somali Republic",SOM,East Africa
906,Somalia,SOM,2001,,"Somalia, Somali Republic",SOM,East Africa
907,Somalia,SOM,2002,,"Somalia, Somali Republic",SOM,East Africa
908,Somalia,SOM,2003,,"Somalia, Somali Republic",SOM,East Africa
909,Somalia,SOM,2004,,"Somalia, Somali Republic",SOM,East Africa
910,Somalia,SOM,2005,,"Somalia, Somali Republic",SOM,East Africa
911,Somalia,SOM,2006,,"Somalia, Somali Republic",SOM,East Africa
912,Somalia,SOM,2007,,"Somalia, Somali Republic",SOM,East Africa
913,Somalia,SOM,2008,,"Somalia, Somali Republic",SOM,East Africa
914,Somalia,SOM,2009,,"Somalia, Somali Republic",SOM,East Africa
915,Somalia,SOM,2010,,"Somalia, Somali Republic",SOM,East Africa
916,Somalia,SOM,2011,,"Somalia, Somali Republic",SOM,East Africa
917,Somalia,SOM,2012,,"Somalia, Somali Republic",SOM,East Africa
918,Somalia,SOM,2013,,"Somalia, Somali Republic",SOM,East Africa
919,Somalia,SOM,2014,,"Somalia, Somali Republic",SOM,East Africa
920,Somalia,SOM,2015,,"Somalia, Somali Republic",SOM,East Africa
921,Somalia,SOM,2016,,"Somalia, Somali Republic",SOM,East Africa
922,Somalia,SOM,2017,,"Somalia, Somali Republic",SOM,East Africa
923,Somalia,SOM,2018,,"Somalia, Somali Republic",SOM,East Africa
924,Somalia,SOM,2019,,"Somalia, Somali Republic",SOM,East Africa
925,Somalia,SOM,2020,,"Somalia, Somali Republic",SOM,East Africa
926,Somalia,SOM,2021,,"Somalia, Somali Republic",SOM,East Africa
927,South Africa,ZAF,2000,8.16472149,"South Africa, Republic of",ZAF,Southern Africa
928,South Africa,ZAF,2001,7.93901682,"South Africa, Republic of",ZAF,Southern Africa
929,South Africa,ZAF,2002,7.46446323,"South Africa, Republic of",ZAF,Southern Africa
930,South Africa,ZAF,2003,7.91530371,"South Africa, Republic of",ZAF,Southern Africa
931,South Africa,ZAF,2004,7.76453447,"South Africa, Republic of",ZAF,Southern Africa
932,South Africa,ZAF,2005,7.68997431,"South Africa, Republic of",ZAF,Southern Africa
933,South Africa,ZAF,2006,7.6922164,"South Africa, Republic of",ZAF,Southern Africa
934,South Africa,ZAF,2007,7.68138409,"South Africa, Republic of",ZAF,Southern Africa
935,South Africa,ZAF,2008,7.88024807,"South Africa, Republic of",ZAF,Southern Africa
936,South Africa,ZAF,2009,8.52350235,"South Africa, Republic of",ZAF,Southern Africa
937,South Africa,ZAF,2010,8.66596985,"South Africa, Republic of",ZAF,Southern Africa
938,South Africa,ZAF,2011,8.74146175,"South Africa, Republic of",ZAF,Southern Africa
939,South Africa,ZAF,2012,8.77310753,"South Africa, Republic of",ZAF,Southern Africa
940,South Africa,ZAF,2013,8.85552406,"South Africa, Republic of",ZAF,Southern Africa
941,South Africa,ZAF,2014,8.55091476,"South Africa, Republic of",ZAF,Southern Africa
942,South Africa,ZAF,2015,8.79018974,"South Africa, Republic of",ZAF,Southern Africa
943,South Africa,ZAF,2016,8.82142925,"South Africa, Republic of",ZAF,Southern Africa
944,South Africa,ZAF,2017,8.72262383,"South Africa, Republic of",ZAF,Southern Africa
945,South Africa,ZAF,2018,8.85829735,"South Africa, Republic of",ZAF,Southern Africa
946,South Africa,ZAF,2019,9.10935497,"South Africa, Republic of",ZAF,Southern Africa
947,South Africa,ZAF,2020,,"South Africa, Republic of",ZAF,Southern Africa
948,South Africa,ZAF,2021,,"South Africa, Republic of",ZAF,Southern Africa
949,Zimbabwe,ZWE,2000,,"Zimbabwe, Republic of",ZWE,East Africa
950,Zimbabwe,ZWE,2001,,"Zimbabwe, Republic of",ZWE,East Africa
951,Zimbabwe,ZWE,2002,,"Zimbabwe, Republic of",ZWE,East Africa
952,Zimbabwe,ZWE,2003,,"Zimbabwe, Republic of",ZWE,East Africa
953,Zimbabwe,ZWE,2004,,"Zimbabwe, Republic of",ZWE,East Africa
954,Zimbabwe,ZWE,2005,,"Zimbabwe, Republic of",ZWE,East Africa
955,Zimbabwe,ZWE,2006,,"Zimbabwe, Republic of",ZWE,East Africa
956,Zimbabwe,ZWE,2007,,"Zimbabwe, Republic of",ZWE,East Africa
957,Zimbabwe,ZWE,2008,,"Zimbabwe, Republic of",ZWE,East Africa
958,Zimbabwe,ZWE,2009,,"Zimbabwe, Republic of",ZWE,East Africa
959,Zimbabwe,ZWE,2010,10.47583866,"Zimbabwe, Republic of",ZWE,East Africa
960,Zimbabwe,ZWE,2011,8.08173752,"Zimbabwe, Republic of",ZWE,East Africa
961,Zimbabwe,ZWE,2012,6.91835356,"Zimbabwe, Republic of",ZWE,East Africa
962,Zimbabwe,ZWE,2013,7.11014795,"Zimbabwe, Republic of",ZWE,East Africa
963,Zimbabwe,ZWE,2014,8.13352489,"Zimbabwe, Republic of",ZWE,East Africa
964,Zimbabwe,ZWE,2015,7.45206605,"Zimbabwe, Republic of",ZWE,East Africa
965,Zimbabwe,ZWE,2016,7.67516281,"Zimbabwe, Republic of",ZWE,East Africa
966,Zimbabwe,ZWE,2017,7.46975242,"Zimbabwe, Republic of",ZWE,East Africa
967,Zimbabwe,ZWE,2018,8.68006228,"Zimbabwe, Republic of",ZWE,East Africa
968,Zimbabwe,ZWE,2019,7.70356494,"Zimbabwe, Republic of",ZWE,East Africa
969,Zimbabwe,ZWE,2020,,"Zimbabwe, Republic of",ZWE,East Africa
970,Zimbabwe,ZWE,2021,,"Zimbabwe, Republic of",ZWE,East Africa
971,South Sudan,SSD,2000,,South Sudan,SSD,East Africa
972,South Sudan,SSD,2001,,South Sudan,SSD,East Africa
973,South Sudan,SSD,2002,,South Sudan,SSD,East Africa
974,South Sudan,SSD,2003,,South Sudan,SSD,East Africa
975,South Sudan,SSD,2004,,South Sudan,SSD,East Africa
976,South Sudan,SSD,2005,,South Sudan,SSD,East Africa
977,South Sudan,SSD,2006,,South Sudan,SSD,East Africa
978,South Sudan,SSD,2007,,South Sudan,SSD,East Africa
979,South Sudan,SSD,2008,,South Sudan,SSD,East Africa
980,South Sudan,SSD,2009,,South Sudan,SSD,East Africa
981,South Sudan,SSD,2010,,South Sudan,SSD,East Africa
982,South Sudan,SSD,2011,,South Sudan,SSD,East Africa
983,South Sudan,SSD,2012,,South Sudan,SSD,East Africa
984,South Sudan,SSD,2013,,South Sudan,SSD,East Africa
985,South Sudan,SSD,2014,,South Sudan,SSD,East Africa
986,South Sudan,SSD,2015,,South Sudan,SSD,East Africa
987,South Sudan,SSD,2016,,South Sudan,SSD,East Africa
988,South Sudan,SSD,2017,8.23701382,South Sudan,SSD,East Africa
989,South Sudan,SSD,2018,6.27566719,South Sudan,SSD,East Africa
990,South Sudan,SSD,2019,6.04213858,South Sudan,SSD,East Africa
991,South Sudan,SSD,2020,,South Sudan,SSD,East Africa
992,South Sudan,SSD,2021,,South Sudan,SSD,East Africa
993,,,,,Western Sahara,ESH,North Africa
994,Sudan,SDN,2000,3.60664463,"Sudan, Republic of",SDN,North Africa
995,Sudan,SDN,2001,3.36456847,"Sudan, Republic of",SDN,North Africa
996,Sudan,SDN,2002,3.30010867,"Sudan, Republic of",SDN,North Africa
997,Sudan,SDN,2003,3.89187932,"Sudan, Republic of",SDN,North Africa
998,Sudan,SDN,2004,4.15593481,"Sudan, Republic of",SDN,North Africa
999,Sudan,SDN,2005,4.09418106,"Sudan, Republic of",SDN,North Africa
1000,Sudan,SDN,2006,4.88544321,"Sudan, Republic of",SDN,North Africa
1001,Sudan,SDN,2007,5.66269207,"Sudan, Republic of",SDN,North Africa
1002,Sudan,SDN,2008,5.42313623,"Sudan, Republic of",SDN,North Africa
1003,Sudan,SDN,2009,6.39496279,"Sudan, Republic of",SDN,North Africa
1004,Sudan,SDN,2010,5.05810213,"Sudan, Republic of",SDN,North Africa
1005,Sudan,SDN,2011,5.61579561,"Sudan, Republic of",SDN,North Africa
1006,Sudan,SDN,2012,5.68827009,"Sudan, Republic of",SDN,North Africa
1007,Sudan,SDN,2013,6.96487522,"Sudan, Republic of",SDN,North Africa
1008,Sudan,SDN,2014,5.67619705,"Sudan, Republic of",SDN,North Africa
1009,Sudan,SDN,2015,7.26747084,"Sudan, Republic of",SDN,North Africa
1010,Sudan,SDN,2016,5.48409986,"Sudan, Republic of",SDN,North Africa
1011,Sudan,SDN,2017,6.05546141,"Sudan, Republic of",SDN,North Africa
1012,Sudan,SDN,2018,4.43653536,"Sudan, Republic of",SDN,North Africa
1013,Sudan,SDN,2019,4.57356596,"Sudan, Republic of",SDN,North Africa
1014,Sudan,SDN,2020,,"Sudan, Republic of",SDN,North Africa
1015,Sudan,SDN,2021,,"Sudan, Republic of",SDN,North Africa
1016,Eswatini,SWZ,2000,4.60951757,"Swaziland, Kingdom of",SWZ,Southern Africa
1017,Eswatini,SWZ,2001,5.13895321,"Swaziland, Kingdom of",SWZ,Southern Africa
1018,Eswatini,SWZ,2002,5.5229826,"Swaziland, Kingdom of",SWZ,Southern Africa
1019,Eswatini,SWZ,2003,6.37864399,"Swaziland, Kingdom of",SWZ,Southern Africa
1020,Eswatini,SWZ,2004,6.81432486,"Swaziland, Kingdom of",SWZ,Southern Africa
1021,Eswatini,SWZ,2005,7.37623358,"Swaziland, Kingdom of",SWZ,Southern Africa
1022,Eswatini,SWZ,2006,7.82560015,"Swaziland, Kingdom of",SWZ,Southern Africa
1023,Eswatini,SWZ,2007,7.93004131,"Swaziland, Kingdom of",SWZ,Southern Africa
1024,Eswatini,SWZ,2008,8.85792923,"Swaziland, Kingdom of",SWZ,Southern Africa
1025,Eswatini,SWZ,2009,8.63292217,"Swaziland, Kingdom of",SWZ,Southern Africa
1026,Eswatini,SWZ,2010,8.59125805,"Swaziland, Kingdom of",SWZ,Southern Africa
1027,Eswatini,SWZ,2011,8.46997261,"Swaziland, Kingdom of",SWZ,Southern Africa
1028,Eswatini,SWZ,2012,7.82028151,"Swaziland, Kingdom of",SWZ,Southern Africa
1029,Eswatini,SWZ,2013,7.45686579,"Swaziland, Kingdom of",SWZ,Southern Africa
1030,Eswatini,SWZ,2014,7.25702429,"Swaziland, Kingdom of",SWZ,Southern Africa
1031,Eswatini,SWZ,2015,7.05950689,"Swaziland, Kingdom of",SWZ,Southern Africa
1032,Eswatini,SWZ,2016,6.82044792,"Swaziland, Kingdom of",SWZ,Southern Africa
1033,Eswatini,SWZ,2017,6.98103666,"Swaziland, Kingdom of",SWZ,Southern Africa
1034,Eswatini,SWZ,2018,7.2573719,"Swaziland, Kingdom of",SWZ,Southern Africa
1035,Eswatini,SWZ,2019,6.78069067,"Swaziland, Kingdom of",SWZ,Southern Africa
1036,Eswatini,SWZ,2020,,"Swaziland, Kingdom of",SWZ,Southern Africa
1037,Eswatini,SWZ,2021,,"Swaziland, Kingdom of",SWZ,Southern Africa
1038,Togo,TGO,2000,2.79417205,"Togo, Togolese Republic",TGO,West Africa
1039,Togo,TGO,2001,2.88543582,"Togo, Togolese Republic",TGO,West Africa
1040,Togo,TGO,2002,2.90226316,"Togo, Togolese Republic",TGO,West Africa
1041,Togo,TGO,2003,2.93838358,"Togo, Togolese Republic",TGO,West Africa
1042,Togo,TGO,2004,3.08552408,"Togo, Togolese Republic",TGO,West Africa
1043,Togo,TGO,2005,3.30243444,"Togo, Togolese Republic",TGO,West Africa
1044,Togo,TGO,2006,3.44604039,"Togo, Togolese Republic",TGO,West Africa
1045,Togo,TGO,2007,3.86664653,"Togo, Togolese Republic",TGO,West Africa
1046,Togo,TGO,2008,3.84063792,"Togo, Togolese Republic",TGO,West Africa
1047,Togo,TGO,2009,4.07617235,"Togo, Togolese Republic",TGO,West Africa
1048,Togo,TGO,2010,4.45492935,"Togo, Togolese Republic",TGO,West Africa
1049,Togo,TGO,2011,4.55412006,"Togo, Togolese Republic",TGO,West Africa
1050,Togo,TGO,2012,4.80786562,"Togo, Togolese Republic",TGO,West Africa
1051,Togo,TGO,2013,4.94373512,"Togo, Togolese Republic",TGO,West Africa
1052,Togo,TGO,2014,5.07536507,"Togo, Togolese Republic",TGO,West Africa
1053,Togo,TGO,2015,4.9564662,"Togo, Togolese Republic",TGO,West Africa
1054,Togo,TGO,2016,5.35245514,"Togo, Togolese Republic",TGO,West Africa
1055,Togo,TGO,2017,6.49387741,"Togo, Togolese Republic",TGO,West Africa
1056,Togo,TGO,2018,6.08747768,"Togo, Togolese Republic",TGO,West Africa
1057,Togo,TGO,2019,5.72606897,"Togo, Togolese Republic",TGO,West Africa
1058,Togo,TGO,2020,,"Togo, Togolese Republic",TGO,West Africa
1059,Togo,TGO,2021,,"Togo, Togolese Republic",TGO,West Africa
1060,Tunisia,TUN,2000,5.04834366,"Tunisia, Tunisian Republic",TUN,North Africa
1061,Tunisia,TUN,2001,5.09929466,"Tunisia, Tunisian Republic",TUN,North Africa
1062,Tunisia,TUN,2002,5.37092733,"Tunisia, Tunisian Republic",TUN,North Africa
1063,Tunisia,TUN,2003,5.46378517,"Tunisia, Tunisian Republic",TUN,North Africa
1064,Tunisia,TUN,2004,5.45323801,"Tunisia, Tunisian Republic",TUN,North Africa
1065,Tunisia,TUN,2005,5.3973608,"Tunisia, Tunisian Republic",TUN,North Africa
1066,Tunisia,TUN,2006,5.38218164,"Tunisia, Tunisian Republic",TUN,North Africa
1067,Tunisia,TUN,2007,5.42856932,"Tunisia, Tunisian Republic",TUN,North Africa
1068,Tunisia,TUN,2008,5.41714668,"Tunisia, Tunisian Republic",TUN,North Africa
1069,Tunisia,TUN,2009,5.67045975,"Tunisia, Tunisian Republic",TUN,North Africa
1070,Tunisia,TUN,2010,5.88395596,"Tunisia, Tunisian Republic",TUN,North Africa
1071,Tunisia,TUN,2011,6.43202877,"Tunisia, Tunisian Republic",TUN,North Africa
1072,Tunisia,TUN,2012,6.6064229,"Tunisia, Tunisian Republic",TUN,North Africa
1073,Tunisia,TUN,2013,6.85662031,"Tunisia, Tunisian Republic",TUN,North Africa
1074,Tunisia,TUN,2014,6.80739641,"Tunisia, Tunisian Republic",TUN,North Africa
1075,Tunisia,TUN,2015,6.62154102,"Tunisia, Tunisian Republic",TUN,North Africa
1076,Tunisia,TUN,2016,6.60998964,"Tunisia, Tunisian Republic",TUN,North Africa
1077,Tunisia,TUN,2017,6.84927845,"Tunisia, Tunisian Republic",TUN,North Africa
1078,Tunisia,TUN,2018,6.82099104,"Tunisia, Tunisian Republic",TUN,North Africa
1079,Tunisia,TUN,2019,6.95845938,"Tunisia, Tunisian Republic",TUN,North Africa
1080,Tunisia,TUN,2020,,"Tunisia, Tunisian Republic",TUN,North Africa
1081,Tunisia,TUN,2021,,"Tunisia, Tunisian Republic",TUN,North Africa
1082,Uganda,UGA,2000,5.0709548,"Uganda, Republic of",UGA,East Africa
1083,Uganda,UGA,2001,5.03950405,"Uganda, Republic of",UGA,East Africa
1084,Uganda,UGA,2002,4.75769854,"Uganda, Republic of",UGA,East Africa
1085,Uganda,UGA,2003,4.29922581,"Uganda, Republic of",UGA,East Africa
1086,Uganda,UGA,2004,4.70028543,"Uganda, Republic of",UGA,East Africa
1087,Uganda,UGA,2005,5.80522776,"Uganda, Republic of",UGA,East Africa
1088,Uganda,UGA,2006,6.46337509,"Uganda, Republic of",UGA,East Africa
1089,Uganda,UGA,2007,6.11315584,"Uganda, Republic of",UGA,East Africa
1090,Uganda,UGA,2008,5.45659018,"Uganda, Republic of",UGA,East Africa
1091,Uganda,UGA,2009,5.78845501,"Uganda, Republic of",UGA,East Africa
1092,Uganda,UGA,2010,6.80890226,"Uganda, Republic of",UGA,East Africa
1093,Uganda,UGA,2011,6.69590998,"Uganda, Republic of",UGA,East Africa
1094,Uganda,UGA,2012,6.10853958,"Uganda, Republic of",UGA,East Africa
1095,Uganda,UGA,2013,5.78252459,"Uganda, Republic of",UGA,East Africa
1096,Uganda,UGA,2014,5.33653069,"Uganda, Republic of",UGA,East Africa
1097,Uganda,UGA,2015,5.11239147,"Uganda, Republic of",UGA,East Africa
1098,Uganda,UGA,2016,4.9682045,"Uganda, Republic of",UGA,East Africa
1099,Uganda,UGA,2017,4.0002389,"Uganda, Republic of",UGA,East Africa
1100,Uganda,UGA,2018,4.03115654,"Uganda, Republic of",UGA,East Africa
1101,Uganda,UGA,2019,3.82522416,"Uganda, Republic of",UGA,East Africa
1102,Uganda,UGA,2020,,"Uganda, Republic of",UGA,East Africa
1103,Uganda,UGA,2021,,"Uganda, Republic of",UGA,East Africa
1104,"Egypt, Arab Rep.",EGY,2000,4.92244291,"Egypt, Arab Republic of",EGY,North Africa
1105,"Egypt, Arab Rep.",EGY,2001,5.40030336,"Egypt, Arab Republic of",EGY,North Africa
1106,"Egypt, Arab Rep.",EGY,2002,5.5107379,"Egypt, Arab Republic of",EGY,North Africa
1107,"Egypt, Arab Rep.",EGY,2003,5.2242527,"Egypt, Arab Republic of",EGY,North Africa
1108,"Egypt, Arab Rep.",EGY,2004,4.85732365,"Egypt, Arab Republic of",EGY,North Africa
1109,"Egypt, Arab Rep.",EGY,2005,4.92229176,"Egypt, Arab Republic of",EGY,North Africa
1110,"Egypt, Arab Rep.",EGY,2006,4.84190083,"Egypt, Arab Republic of",EGY,North Africa
1111,"Egypt, Arab Rep.",EGY,2007,4.44493246,"Egypt, Arab Republic of",EGY,North Africa
1112,"Egypt, Arab Rep.",EGY,2008,4.46634817,"Egypt, Arab Republic of",EGY,North Africa
1113,"Egypt, Arab Rep.",EGY,2009,4.37870121,"Egypt, Arab Republic of",EGY,North Africa
1114,"Egypt, Arab Rep.",EGY,2010,4.1531949,"Egypt, Arab Republic of",EGY,North Africa
1115,"Egypt, Arab Rep.",EGY,2011,4.35706949,"Egypt, Arab Republic of",EGY,North Africa
1116,"Egypt, Arab Rep.",EGY,2012,4.71025944,"Egypt, Arab Republic of",EGY,North Africa
1117,"Egypt, Arab Rep.",EGY,2013,4.91730928,"Egypt, Arab Republic of",EGY,North Africa
1118,"Egypt, Arab Rep.",EGY,2014,5.02518845,"Egypt, Arab Republic of",EGY,North Africa
1119,"Egypt, Arab Rep.",EGY,2015,5.33657265,"Egypt, Arab Republic of",EGY,North Africa
1120,"Egypt, Arab Rep.",EGY,2016,5.36399841,"Egypt, Arab Republic of",EGY,North Africa
1121,"Egypt, Arab Rep.",EGY,2017,5.63305616,"Egypt, Arab Republic of",EGY,North Africa
1122,"Egypt, Arab Rep.",EGY,2018,4.947577,"Egypt, Arab Republic of",EGY,North Africa
1123,"Egypt, Arab Rep.",EGY,2019,4.73997355,"Egypt, Arab Republic of",EGY,North Africa
1124,"Egypt, Arab Rep.",EGY,2020,,"Egypt, Arab Republic of",EGY,North Africa
1125,"Egypt, Arab Rep.",EGY,2021,,"Egypt, Arab Republic of",EGY,North Africa
1126,Tanzania,TZA,2000,3.41530037,"Tanzania, United Republic of",TZA,East Africa
1127,Tanzania,TZA,2001,4.2355175,"Tanzania, United Republic of",TZA,East Africa
1128,Tanzania,TZA,2002,4.68907547,"Tanzania, United Republic of",TZA,East Africa
1129,Tanzania,TZA,2003,5.34231567,"Tanzania, United Republic of",TZA,East Africa
1130,Tanzania,TZA,2004,5.7373414,"Tanzania, United Republic of",TZA,East Africa
1131,Tanzania,TZA,2005,6.32282591,"Tanzania, United Republic of",TZA,East Africa
1132,Tanzania,TZA,2006,7.59827995,"Tanzania, United Republic of",TZA,East Africa
1133,Tanzania,TZA,2007,6.8842783,"Tanzania, United Republic of",TZA,East Africa
1134,Tanzania,TZA,2008,5.55704832,"Tanzania, United Republic of",TZA,East Africa
1135,Tanzania,TZA,2009,5.0630641,"Tanzania, United Republic of",TZA,East Africa
1136,Tanzania,TZA,2010,5.22392178,"Tanzania, United Republic of",TZA,East Africa
1137,Tanzania,TZA,2011,5.05598497,"Tanzania, United Republic of",TZA,East Africa
1138,Tanzania,TZA,2012,5.01779366,"Tanzania, United Republic of",TZA,East Africa
1139,Tanzania,TZA,2013,4.64643383,"Tanzania, United Republic of",TZA,East Africa
1140,Tanzania,TZA,2014,4.01492023,"Tanzania, United Republic of",TZA,East Africa
1141,Tanzania,TZA,2015,3.64969921,"Tanzania, United Republic of",TZA,East Africa
1142,Tanzania,TZA,2016,3.9635036,"Tanzania, United Republic of",TZA,East Africa
1143,Tanzania,TZA,2017,4.08257437,"Tanzania, United Republic of",TZA,East Africa
1144,Tanzania,TZA,2018,4.15363026,"Tanzania, United Republic of",TZA,East Africa
1145,Tanzania,TZA,2019,3.82769322,"Tanzania, United Republic of",TZA,East Africa
1146,Tanzania,TZA,2020,,"Tanzania, United Republic of",TZA,East Africa
1147,Tanzania,TZA,2021,,"Tanzania, United Republic of",TZA,East Africa
1148,Burkina Faso,BFA,2000,2.9502635,Burkina Faso,BFA,West Africa
1149,Burkina Faso,BFA,2001,2.88835382,Burkina Faso,BFA,West Africa
1150,Burkina Faso,BFA,2002,2.97113252,Burkina Faso,BFA,West Africa
1151,Burkina Faso,BFA,2003,3.14307165,Burkina Faso,BFA,West Africa
1152,Burkina Faso,BFA,2004,4.21721363,Burkina Faso,BFA,West Africa
1153,Burkina Faso,BFA,2005,3.95109105,Burkina Faso,BFA,West Africa
1154,Burkina Faso,BFA,2006,4.51446247,Burkina Faso,BFA,West Africa
1155,Burkina Faso,BFA,2007,5.23372936,Burkina Faso,BFA,West Africa
1156,Burkina Faso,BFA,2008,4.64780807,Burkina Faso,BFA,West Africa
1157,Burkina Faso,BFA,2009,5.08159304,Burkina Faso,BFA,West Africa
1158,Burkina Faso,BFA,2010,5.2395854,Burkina Faso,BFA,West Africa
1159,Burkina Faso,BFA,2011,4.6486845,Burkina Faso,BFA,West Africa
1160,Burkina Faso,BFA,2012,4.60266972,Burkina Faso,BFA,West Africa
1161,Burkina Faso,BFA,2013,5.56331158,Burkina Faso,BFA,West Africa
1162,Burkina Faso,BFA,2014,5.00026941,Burkina Faso,BFA,West Africa
1163,Burkina Faso,BFA,2015,5.13192463,Burkina Faso,BFA,West Africa
1164,Burkina Faso,BFA,2016,5.95963097,Burkina Faso,BFA,West Africa
1165,Burkina Faso,BFA,2017,6.02940798,Burkina Faso,BFA,West Africa
1166,Burkina Faso,BFA,2018,4.90988731,Burkina Faso,BFA,West Africa
1167,Burkina Faso,BFA,2019,5.46494246,Burkina Faso,BFA,West Africa
1168,Burkina Faso,BFA,2020,,Burkina Faso,BFA,West Africa
1169,Burkina Faso,BFA,2021,,Burkina Faso,BFA,West Africa
1170,Zambia,ZMB,2000,7.15237093,"Zambia, Republic of",ZMB,East Africa
1171,Zambia,ZMB,2001,6.55248451,"Zambia, Republic of",ZMB,East Africa
1172,Zambia,ZMB,2002,6.79403543,"Zambia, Republic of",ZMB,East Africa
1173,Zambia,ZMB,2003,7.18999434,"Zambia, Republic of",ZMB,East Africa
1174,Zambia,ZMB,2004,7.04994965,"Zambia, Republic of",ZMB,East Africa
1175,Zambia,ZMB,2005,6.86332226,"Zambia, Republic of",ZMB,East Africa
1176,Zambia,ZMB,2006,5.87367344,"Zambia, Republic of",ZMB,East Africa
1177,Zambia,ZMB,2007,4.35264969,"Zambia, Republic of",ZMB,East Africa
1178,Zambia,ZMB,2008,4.01207542,"Zambia, Republic of",ZMB,East Africa
1179,Zambia,ZMB,2009,4.42680454,"Zambia, Republic of",ZMB,East Africa
1180,Zambia,ZMB,2010,3.71929598,"Zambia, Republic of",ZMB,East Africa
1181,Zambia,ZMB,2011,3.46053243,"Zambia, Republic of",ZMB,East Africa
1182,Zambia,ZMB,2012,3.93052912,"Zambia, Republic of",ZMB,East Africa
1183,Zambia,ZMB,2013,4.69091034,"Zambia, Republic of",ZMB,East Africa
1184,Zambia,ZMB,2014,3.82924223,"Zambia, Republic of",ZMB,East Africa
1185,Zambia,ZMB,2015,4.43510246,"Zambia, Republic of",ZMB,East Africa
1186,Zambia,ZMB,2016,4.47720718,"Zambia, Republic of",ZMB,East Africa
1187,Zambia,ZMB,2017,4.37697697,"Zambia, Republic of",ZMB,East Africa
1188,Zambia,ZMB,2018,5.03271484,"Zambia, Republic of",ZMB,East Africa
1189,Zambia,ZMB,2019,5.31220293,"Zambia, Republic of",ZMB,East Africa
1190,Zambia,ZMB,2020,,"Zambia, Republic of",ZMB,East Africa
1191,Zambia,ZMB,2021,,"Zambia, Republic of",ZMB,East Africa
